,recency,mntwines,mntfruits,mntmeatproducts,mntfishproducts,mntsweetproducts,mntgoldprods,numdealspurchases,numwebpurchases,numcatalogpurchases,numstorepurchases,numwebvisitsmonth
0,58,635,88,546,172,88,88,3,8,10,4,7
1,38,11,1,6,2,1,6,2,1,1,2,5
2,26,426,49,127,111,21,42,1,8,2,10,4
3,26,11,4,20,10,3,5,2,2,0,4,6
4,94,173,43,118,46,27,15,5,5,3,6,5
5,16,520,42,98,0,42,14,2,6,4,10,6
6,34,235,65,164,50,49,27,4,7,3,7,6
7,32,76,10,56,3,1,23,2,4,0,4,8
8,19,14,0,24,3,3,2,1,3,0,2,9
9,68,28,0,6,1,1,13,1,1,0,0,20
10,11,5,5,6,0,2,1,1,1,0,2,7
11,59,6,16,11,11,1,16,1,2,0,3,8
12,82,194,61,480,225,112,30,1,3,4,8,2
13,53,233,2,53,3,5,14,3,6,1,5,6
14,38,3,14,17,6,1,5,1,1,0,3,8
15,23,1006,22,115,59,68,45,1,7,6,12,3
16,51,53,5,19,2,13,4,3,3,0,3,8
17,20,84,5,38,150,12,28,2,4,1,6,7
18,91,1012,80,498,0,16,176,2,11,4,9,5
19,86,4,17,19,30,24,39,2,2,1,3,6
20,41,86,2,73,69,38,48,1,4,2,5,8
21,42,1,1,1725,1,1,1,15,0,28,0,1
22,63,867,0,86,0,0,19,3,2,3,9,8
23,0,384,0,102,21,32,5,3,6,2,9,4
24,69,270,3,27,39,6,99,7,7,1,5,8
25,89,6,4,25,15,12,13,2,2,1,3,7
26,4,173,4,30,3,6,41,4,5,1,4,7
27,19,5,1,3,3,263,362,0,27,0,0,1
28,26,36,2,42,20,21,10,2,2,1,4,3
29,96,684,100,801,21,66,0,1,6,9,10,2
30,34,8,4,10,2,2,4,2,3,0,3,5
31,56,112,17,44,34,22,89,1,2,5,3,3
32,31,110,0,5,2,0,3,2,2,1,4,5
33,8,96,12,96,33,22,43,6,4,1,6,6
34,4,482,34,471,119,68,22,1,3,5,9,7
35,55,40,0,19,2,1,3,1,2,0,3,7
36,37,702,17,151,0,8,35,5,5,6,12,2
37,76,6,3,14,15,7,36,3,3,1,2,7
38,99,55,0,6,2,0,4,2,1,1,3,5
39,53,437,8,206,160,49,42,2,7,10,5,6
40,3,421,76,536,82,178,102,2,8,6,5,4
41,88,13,1,29,3,0,7,2,2,0,3,8
42,4,9,0,6,3,1,3,1,0,0,3,5
43,80,81,11,50,3,2,39,1,1,3,4,2
44,19,3,1,10,3,2,12,3,2,0,3,5
45,72,123,164,266,227,30,174,1,2,4,9,1
46,24,3,18,14,15,22,50,3,3,1,3,9
47,92,13,6,15,3,5,13,1,2,0,2,10
48,96,48,5,48,6,10,7,3,2,1,4,6
49,39,826,50,317,50,38,38,9,5,2,12,8
50,29,245,19,125,37,67,14,1,4,2,10,2
51,2,650,37,780,27,167,32,1,6,9,13,3
52,54,12,6,20,30,1,3,2,2,0,3,7
53,54,510,120,550,156,40,241,1,4,9,7,1
54,57,328,9,124,12,24,109,7,4,2,10,3
55,55,984,51,432,180,120,190,1,3,10,13,1
56,30,295,35,482,121,120,40,1,5,5,10,3
57,31,13,0,8,2,1,5,1,1,0,4,3
58,57,11,3,22,2,2,6,2,2,0,3,6
59,63,447,0,28,0,0,43,3,8,2,6,7
60,12,712,26,538,69,13,80,1,3,6,11,1
61,18,452,18,102,16,18,6,4,4,2,12,3
62,26,523,7,134,37,14,169,4,8,2,10,7
63,8,546,0,48,0,6,6,1,7,3,8,5
64,29,398,40,367,119,122,30,1,7,4,4,4
65,75,1,3,6,3,6,15,1,1,1,2,7
66,0,10,0,1,0,0,0,1,1,0,2,7
67,19,688,14,309,201,24,38,1,11,10,10,5
68,4,247,49,159,7,82,109,1,5,2,10,4
69,90,856,59,487,58,29,73,7,2,5,5,5
70,1,496,36,460,189,60,12,3,4,8,6,3
71,25,25,3,43,17,4,17,3,3,0,3,8
72,29,258,107,291,84,37,86,4,10,3,13,7
73,88,565,6,65,0,6,19,5,9,2,8,7
74,58,14,10,13,4,15,9,1,2,1,4,2
75,68,2,1,6,2,1,1,1,1,0,2,6
76,34,721,111,925,97,18,18,1,7,6,5,5
77,40,1032,105,779,137,105,51,0,5,8,9,4
78,12,1,0,5,0,3,9,1,0,0,3,3
79,9,577,0,64,0,0,51,2,10,1,8,8
80,87,64,4,68,7,5,17,4,3,1,4,8
81,5,4,1,5,2,0,4,1,1,0,2,7
82,87,25,5,19,7,0,23,3,3,0,3,7
83,56,112,17,44,34,22,89,1,2,5,3,3
84,18,163,23,424,27,65,76,1,3,10,13,1
85,95,17,8,14,10,4,3,2,1,0,4,7
86,48,130,0,16,0,0,5,5,3,1,4,7
87,3,292,6,37,0,3,34,4,6,1,6,7
88,70,350,60,568,110,133,145,1,5,6,7,2
89,79,135,9,39,4,0,7,1,2,2,5,2
90,4,230,42,192,49,37,53,12,7,2,8,9
91,45,7,0,8,2,0,1,1,1,0,2,7
92,87,445,37,359,98,28,18,1,2,4,8,1
93,69,15,2,10,0,1,4,1,1,0,3,7
94,84,27,2,14,0,0,0,3,3,1,3,5
95,30,5,3,11,12,5,9,1,2,0,3,6
96,72,505,0,26,0,0,75,5,7,4,6,6
97,37,51,2,7,0,1,2,2,2,0,3,7
98,44,207,26,447,75,0,223,1,5,7,12,2
99,32,135,46,92,65,61,11,2,5,2,7,5
100,0,53,1,5,2,1,10,2,2,0,3,8
101,43,41,1,6,2,0,5,2,2,0,3,6
102,59,386,172,183,185,132,111,2,9,5,11,5
103,68,562,81,276,80,40,81,1,6,3,6,4
104,35,217,76,690,50,26,38,1,3,11,5,1
105,94,1,3,6,10,0,9,1,1,0,3,5
106,15,144,1,32,2,1,7,4,4,1,4,7
107,56,295,106,271,75,98,65,4,6,4,12,6
108,17,76,3,31,4,4,27,2,3,1,3,7
109,18,454,194,106,31,22,43,1,5,4,4,2
110,46,425,115,292,23,35,79,1,6,6,11,3
111,40,1332,17,311,23,51,86,1,7,4,5,9
112,27,527,0,21,0,0,60,3,8,1,8,6
113,95,490,44,125,29,20,22,1,6,7,11,3
114,19,378,0,101,0,0,72,5,6,4,6,7
115,27,64,1,21,0,1,27,2,2,1,3,6
116,25,547,99,812,151,82,33,0,4,6,5,1
117,74,47,90,94,123,103,120,5,9,1,5,9
118,85,12,5,25,0,9,30,2,1,1,3,5
119,37,1,6,7,11,5,3,2,2,0,3,6
120,65,320,48,133,39,72,48,4,6,2,10,4
121,13,34,3,29,0,4,10,3,2,1,3,5
122,63,9,0,7,3,4,7,2,1,0,3,7
123,83,17,0,14,7,3,2,1,1,0,3,7
124,69,722,27,102,44,72,168,0,6,8,13,2
125,87,162,33,124,40,28,172,2,3,4,7,1
126,37,450,133,951,173,0,216,1,3,6,6,1
127,51,70,0,16,0,0,4,2,2,0,4,6
128,23,352,0,27,10,0,15,3,6,1,7,6
129,72,492,19,110,16,12,12,4,6,3,10,4
130,10,120,58,73,65,89,58,5,5,4,5,5
131,42,534,5,47,0,5,41,5,11,1,6,8
132,10,236,106,189,23,41,130,1,7,2,9,4
133,96,231,65,196,38,71,124,1,6,5,7,4
134,51,220,0,33,3,0,23,5,5,1,5,8
135,21,796,14,590,38,44,0,1,4,5,13,3
136,31,0,1,3,10,6,9,2,1,0,3,8
137,61,53,1,34,2,0,16,3,2,2,2,8
138,37,15,0,8,4,2,20,2,1,1,2,5
139,74,17,1,12,3,1,4,2,2,0,3,7
140,46,962,61,921,52,61,20,1,5,4,12,2
141,4,738,0,232,13,20,50,2,3,5,7,7
142,73,399,28,756,36,40,126,1,5,7,10,2
143,47,614,16,132,43,33,33,3,8,5,9,6
144,13,32,34,41,73,16,116,3,4,2,3,7
145,36,598,16,141,32,41,49,3,3,3,6,8
146,47,2,1,18,20,11,16,1,2,0,3,6
147,49,6,1,10,0,1,4,1,1,0,2,8
148,94,73,3,90,12,1,32,7,4,1,4,8
149,65,42,16,29,12,20,8,1,2,1,4,3
150,59,295,21,78,39,13,13,1,4,4,7,3
151,96,346,17,48,23,13,13,4,8,1,6,6
152,28,233,20,57,8,20,91,4,7,1,5,7
153,12,5,7,24,19,14,20,4,3,0,4,6
154,57,888,0,57,0,0,76,2,8,5,11,5
155,10,997,26,269,34,13,42,1,10,4,6,4
156,4,212,6,69,4,12,3,3,6,1,5,7
157,49,8,1,7,2,0,0,1,0,0,3,4
158,3,42,11,57,10,28,14,1,1,1,6,2
159,64,536,11,387,149,91,57,1,3,4,10,1
160,0,5,0,3,0,0,5,1,1,0,2,7
161,20,1349,16,249,43,16,33,2,10,6,9,6
162,91,53,3,49,7,4,5,4,3,0,4,8
163,9,1001,12,240,16,12,12,1,5,4,10,2
164,98,20,2,1582,1,2,1,15,0,22,0,0
165,83,18,1,32,6,3,28,3,2,0,4,6
166,27,125,16,98,134,21,27,1,6,7,4,3
167,63,212,5,33,7,0,2,1,3,2,6,4
168,46,277,162,305,173,76,124,1,3,4,7,1
169,84,15,10,19,8,17,20,3,2,1,3,5
170,58,7,3,10,8,1,7,2,1,0,3,7
171,78,12,4,6,11,8,16,2,2,0,3,8
172,4,85,7,24,2,3,27,1,3,1,3,6
173,17,81,0,6,0,0,6,2,2,1,3,5
174,77,59,0,12,0,0,48,1,2,2,2,4
175,56,1149,71,449,69,71,26,1,11,8,8,5
176,79,847,66,119,86,89,111,1,9,10,5,4
177,90,29,0,14,0,0,2,2,2,0,3,7
178,96,2,0,5,2,0,1,1,0,0,3,2
179,44,207,26,447,75,0,223,1,5,7,12,2
180,81,152,3,22,2,5,7,1,4,1,4,5
181,77,12,11,10,3,12,9,3,2,1,3,6
182,21,620,26,195,34,17,141,1,6,4,13,2
183,16,47,1,6,0,0,12,1,1,1,3,6
184,80,1,9,7,2,14,10,1,2,0,3,6
185,45,10,1,18,10,4,7,1,1,1,2,9
186,63,35,0,2,0,0,2,2,1,0,4,5
187,34,356,0,107,19,9,117,2,7,1,8,5
188,14,783,30,537,140,76,15,1,4,10,9,2
189,13,42,1,18,3,0,4,2,2,0,3,7
190,52,1,4,10,29,0,36,1,1,1,2,6
191,98,466,22,432,147,113,102,1,8,7,12,3
192,99,15,6,8,7,4,25,1,2,1,2,5
193,93,23,3,21,3,19,22,2,3,0,3,8
194,38,235,6,45,8,9,12,4,5,1,6,6
195,24,10,0,10,3,1,7,2,1,1,2,8
196,80,656,16,106,32,16,8,1,7,3,12,3
197,82,519,17,813,27,173,51,1,4,6,6,2
198,20,344,189,482,50,33,172,1,5,6,5,2
199,81,96,1,79,7,1,79,6,5,1,3,8
200,50,448,4,34,6,4,39,3,8,1,7,5
201,60,265,138,553,224,23,92,1,4,4,9,1
202,63,587,43,337,42,87,54,3,11,6,9,6
203,54,763,29,138,76,176,58,0,7,9,10,4
204,72,22,0,13,0,0,3,2,1,0,3,7
205,5,6,4,1,7,2,15,1,0,1,2,6
206,88,7,6,13,7,6,14,1,1,0,3,9
207,50,81,18,113,47,13,21,6,4,2,5,6
208,99,54,0,7,0,0,4,1,2,0,3,6
209,17,1170,48,320,42,32,192,5,11,4,9,8
210,11,72,24,68,65,4,8,5,3,1,6,4
211,18,613,22,319,33,102,12,1,4,6,9,1
212,70,224,0,30,0,0,10,8,5,1,5,8
213,21,410,0,59,19,9,44,10,7,1,8,7
214,66,239,10,554,254,87,54,1,3,4,9,1
215,79,171,7,171,25,19,89,6,8,1,5,8
216,2,12,0,4,0,0,1,1,1,0,2,8
217,81,1076,16,417,42,48,16,1,8,10,6,3
218,24,182,4,33,0,0,66,2,4,1,5,7
219,48,824,32,162,42,32,43,2,11,4,11,6
220,93,30,11,25,29,1,18,1,1,1,4,3
221,56,377,10,540,80,30,10,1,3,5,7,1
222,3,520,7,154,19,0,14,2,6,3,11,3
223,44,155,1,25,0,1,3,4,4,1,4,8
224,38,897,23,207,15,11,92,5,9,6,12,6
225,46,131,0,16,2,1,39,4,3,1,4,8
226,84,297,7,79,0,11,182,2,8,2,4,8
227,27,787,20,204,0,0,92,3,2,2,11,8
228,72,792,86,740,67,51,17,1,3,5,8,2
229,66,4,1,9,3,0,0,1,1,0,2,8
230,30,231,7,137,4,15,39,9,5,1,8,7
231,2,983,76,184,180,138,27,1,6,3,4,7
232,65,3,1,8,4,3,3,1,1,0,2,8
233,37,0,4,5,6,0,4,1,1,0,3,3
234,89,562,21,464,28,10,32,3,7,8,11,5
235,49,5,9,20,6,8,21,2,2,0,4,6
236,46,18,0,4,0,0,1,1,1,0,3,7
237,32,415,5,124,15,35,11,1,5,2,11,3
238,54,5,3,10,12,7,20,4,3,1,3,7
239,23,8,0,5,7,0,2,1,1,0,2,4
240,98,901,61,757,186,163,20,1,6,5,10,3
241,97,382,114,276,75,124,38,2,6,4,4,3
242,75,14,1,7,2,1,1,1,2,0,2,9
243,8,559,153,503,218,13,181,1,3,9,9,2
244,37,789,0,133,0,28,152,7,11,5,8,7
245,31,11,0,5,0,0,1,2,1,0,3,6
246,40,1218,16,272,104,0,80,2,5,3,6,6
247,74,925,64,179,133,12,77,2,9,4,6,5
248,90,864,134,768,150,38,172,1,4,10,5,3
249,57,960,28,183,220,70,70,4,9,6,6,6
250,59,16,3,25,6,1,13,2,2,0,3,8
251,52,3,3,7,0,2,11,2,1,0,3,6
252,5,168,148,444,32,172,148,1,6,9,13,2
253,92,45,47,52,21,20,25,2,3,1,5,6
254,77,650,28,353,45,42,30,5,4,6,11,8
255,35,24,0,8,0,0,1,2,1,0,3,6
256,48,918,21,118,13,10,21,3,8,3,5,6
257,97,138,33,87,28,24,12,4,3,2,7,3
258,95,12,4,2,10,6,10,4,2,0,4,5
259,24,11,0,4,0,0,2,1,1,0,2,8
260,60,1,2,8,4,3,13,2,1,1,2,7
261,46,554,41,215,11,0,24,3,10,2,10,5
262,85,167,2,62,24,13,7,4,4,1,6,5
263,31,9,0,6,4,1,5,1,1,0,2,9
264,9,177,2,71,3,2,20,6,5,2,4,8
265,30,38,4,22,4,2,20,4,3,1,3,7
266,47,483,84,398,205,84,241,1,3,7,8,1
267,70,77,2,35,0,1,69,4,3,2,2,7
268,13,182,74,298,162,149,116,1,3,3,6,1
269,11,10,7,19,8,2,21,2,2,2,2,6
270,31,778,44,499,95,73,146,2,3,4,5,7
271,15,16,7,23,0,8,6,3,3,0,4,5
272,2,167,0,43,6,2,13,2,4,2,4,5
273,55,13,2,14,8,7,4,4,2,0,4,6
274,38,33,6,40,3,7,10,3,2,0,4,7
275,86,625,7,99,10,22,7,2,6,3,12,4
276,56,216,162,224,101,92,162,2,7,4,10,5
277,29,68,129,396,188,22,15,1,3,3,5,1
278,30,196,0,512,33,130,54,1,3,5,8,1
279,64,635,15,100,20,7,131,1,9,3,9,6
280,46,4,19,9,28,25,17,3,3,0,4,7
281,84,297,7,79,0,11,182,2,8,2,4,8
282,20,84,5,38,150,12,28,2,4,1,6,7
283,74,204,7,149,20,15,66,1,5,1,8,2
284,18,26,0,8,0,0,3,2,2,0,3,5
285,75,15,6,20,4,5,20,1,3,1,2,7
286,17,304,98,230,150,74,74,1,6,3,13,3
287,88,285,28,242,55,114,135,13,6,2,12,5
288,19,395,183,565,166,141,28,1,5,11,5,3
289,62,248,3,81,4,3,51,3,7,1,5,8
290,11,20,6,5,0,9,12,1,1,0,3,7
291,74,39,0,56,20,8,14,3,3,1,3,7
292,32,777,129,573,216,21,203,1,2,7,9,4
293,76,8,3,22,21,1,13,3,3,0,3,9
294,6,9,1,3,0,4,8,1,0,0,3,6
295,62,1241,0,80,0,13,40,3,3,6,11,8
296,20,6,4,7,4,3,8,1,1,0,3,7
297,43,65,4,16,0,4,11,1,3,0,3,8
298,45,395,15,263,60,54,38,1,2,3,6,1
299,34,801,0,80,0,0,35,5,8,3,12,5
300,53,36,0,12,2,2,10,4,3,1,3,5
301,44,513,14,154,19,0,28,1,9,2,9,6
302,89,37,0,46,4,3,0,1,2,1,3,4
303,43,80,15,93,20,13,52,3,5,1,4,8
304,68,14,1,21,2,3,25,3,3,1,3,7
305,44,525,147,112,219,147,63,1,6,7,9,2
306,64,1,26,25,17,23,15,1,3,0,3,9
307,85,675,11,400,15,45,11,1,2,5,10,1
308,93,509,0,27,0,0,10,1,8,3,6,7
309,12,154,2,46,20,4,15,1,4,2,4,4
310,86,3,5,14,2,12,17,4,3,1,3,6
311,28,25,0,8,2,0,2,2,2,0,3,7
312,69,861,138,461,60,30,61,1,6,5,12,3
313,42,768,44,561,77,44,14,1,6,6,10,3
314,13,185,0,28,3,2,17,6,3,1,6,4
315,86,24,0,7,0,0,1,2,2,0,3,5
316,59,44,4,21,6,0,27,2,3,0,3,7
317,30,91,64,128,65,3,50,2,4,3,6,3
318,33,11,0,7,3,1,6,2,1,0,3,5
319,67,738,20,172,52,50,20,6,2,3,10,7
320,23,412,5,119,38,29,77,3,3,3,12,2
321,81,3,3,7,6,2,9,1,1,0,2,7
322,6,16,0,3,0,0,1,1,1,0,2,7
323,41,731,60,353,78,12,73,5,10,3,5,7
324,78,424,17,118,7,23,41,6,8,2,8,8
325,49,792,0,275,45,45,126,1,4,8,5,3
326,39,21,2,28,3,2,9,3,2,0,4,8
327,3,22,1,11,0,1,2,1,1,0,3,7
328,37,33,0,5,0,0,0,1,1,0,3,4
329,22,68,7,59,10,5,11,4,3,1,4,8
330,79,9,1,6,3,0,4,1,1,0,2,8
331,46,40,2,15,8,0,6,1,1,1,3,4
332,82,909,11,218,0,0,23,2,9,3,5,5
333,10,23,1,13,2,2,18,1,1,1,2,7
334,51,11,2,9,3,0,8,2,2,0,3,8
335,38,317,46,247,151,46,139,1,4,5,12,3
336,10,797,153,293,72,97,30,1,11,4,6,4
337,14,10,2,16,11,2,21,1,1,0,3,8
338,18,856,61,570,40,25,122,1,7,6,8,3
339,36,755,144,562,104,64,224,1,4,6,4,1
340,95,456,19,832,75,118,38,1,4,5,11,3
341,11,37,32,38,11,3,18,1,2,1,4,6
342,65,1103,0,45,0,0,34,3,4,2,11,8
343,71,378,14,68,19,14,14,2,3,5,8,3
344,13,1,6,7,0,1,3,1,1,0,2,8
345,58,204,34,204,172,153,173,1,2,9,4,1
346,65,30,0,9,0,0,3,2,1,0,3,6
347,0,189,104,379,111,189,218,1,4,4,6,1
348,33,15,0,12,7,3,7,3,2,0,3,7
349,90,9,0,3,0,0,4,1,1,0,2,6
350,95,495,33,255,11,33,8,4,6,7,9,4
351,93,656,80,455,52,107,93,2,8,4,8,4
352,38,452,20,514,13,30,0,3,4,6,5,3
353,18,546,91,410,119,0,22,1,3,4,10,1
354,57,1048,0,217,0,0,12,5,11,3,5,6
355,45,22,2,14,0,1,10,2,2,0,3,7
356,61,78,0,11,0,0,10,1,2,0,4,6
357,6,561,64,785,84,128,48,1,3,3,8,1
358,65,629,17,177,69,0,8,1,5,3,5,2
359,52,269,15,69,15,19,38,2,4,6,4,5
360,87,736,163,818,212,163,61,1,4,7,10,2
361,38,512,0,83,0,0,41,3,6,2,10,4
362,53,19,3,10,11,8,6,3,2,1,4,4
363,31,9,0,6,4,1,5,1,1,0,2,9
364,67,247,8,160,6,8,65,7,6,3,6,7
365,65,404,0,92,28,27,142,2,6,2,9,4
366,64,333,0,815,129,42,29,1,4,10,11,2
367,82,2,3,20,6,11,9,2,2,0,3,7
368,27,833,33,549,151,133,233,1,4,3,8,3
369,63,789,0,142,12,9,38,2,2,4,8,8
370,66,10,4,7,0,6,3,1,1,0,3,6
371,69,159,4,45,6,2,38,6,5,1,4,8
372,52,7,1,6,3,1,11,1,1,1,2,4
373,45,977,12,253,16,12,101,4,4,3,12,8
374,2,38,4,22,3,3,3,3,3,0,3,8
375,86,57,0,27,0,0,36,4,3,2,2,8
376,23,3,9,15,13,2,39,1,1,1,2,9
377,13,10,4,14,4,4,1,1,1,0,3,8
378,14,1043,24,97,32,24,157,2,3,5,10,6
379,92,3,9,13,2,12,12,1,1,0,3,7
380,38,11,0,5,0,0,1,1,1,0,2,8
381,74,3,6,5,0,2,6,1,0,0,3,7
382,14,43,12,96,78,40,55,3,4,1,6,7
383,94,73,3,90,12,1,32,7,4,1,4,8
384,33,12,0,1,0,0,6,1,0,1,2,3
385,32,4,7,7,6,4,13,3,1,2,2,5
386,11,314,11,53,4,3,107,3,7,3,4,7
387,78,571,50,142,33,50,159,4,4,5,13,2
388,56,70,0,11,2,8,23,1,2,1,3,6
389,57,866,21,151,28,21,86,3,2,2,12,5
390,7,594,134,786,33,134,57,0,5,6,8,1
391,0,140,4,61,0,13,4,2,3,1,6,4
392,66,375,152,335,93,91,81,1,5,4,6,2
393,86,102,9,63,2,9,24,1,4,1,4,6
394,80,554,35,113,0,7,78,3,5,3,12,3
395,56,919,0,505,99,30,45,1,4,9,10,2
396,18,96,1,42,12,3,32,4,3,1,4,8
397,51,5,2,16,3,2,19,2,1,1,2,8
398,71,2,0,6,8,6,5,1,1,0,3,7
399,71,6,4,9,6,36,35,4,2,2,3,7
400,80,23,1,25,0,8,7,4,2,1,3,6
401,2,610,105,125,137,42,21,1,9,4,9,5
402,83,67,5,61,3,8,19,5,2,1,5,5
403,29,65,36,74,38,20,110,1,5,1,4,7
404,11,416,0,26,0,0,4,9,6,3,6,7
405,55,23,0,11,3,2,2,1,1,0,3,6
406,19,19,3,26,10,9,3,3,2,0,4,8
407,1,155,7,80,13,7,10,3,5,1,5,6
408,19,14,0,24,3,3,2,1,3,0,2,9
409,28,370,9,92,6,9,4,3,7,1,8,7
410,76,4,22,11,3,7,32,2,3,0,3,8
411,50,407,53,221,58,150,26,4,4,3,6,4
412,1,1200,0,204,38,29,14,3,11,9,12,6
413,90,85,44,54,102,78,6,3,5,1,7,7
414,83,583,34,309,0,22,125,2,5,4,8,3
415,73,483,0,591,156,0,12,1,3,5,10,1
416,24,2,5,9,28,6,28,3,2,1,3,5
417,11,966,26,282,52,26,26,1,2,7,11,5
418,33,822,114,108,179,137,114,1,7,9,9,3
419,4,604,0,100,19,0,28,9,10,2,8,8
420,14,19,3,19,3,1,3,2,2,0,3,7
421,30,5,3,11,12,5,9,1,2,0,3,6
422,75,2,2,2,2,1,1,1,1,0,2,8
423,26,1076,68,103,29,91,68,1,3,4,8,1
424,77,1285,42,716,55,0,21,0,7,10,5,2
425,8,10,0,7,2,0,1,1,1,0,2,8
426,42,551,137,792,179,103,33,1,6,7,13,1
427,28,800,0,297,0,34,57,2,2,5,10,6
428,52,2,2,11,10,6,12,2,1,0,4,5
429,1,378,0,189,97,172,172,2,5,5,12,3
430,1,1248,16,349,43,16,16,1,2,4,9,4
431,42,235,0,235,19,4,191,5,8,1,7,8
432,76,515,47,181,149,95,95,15,9,6,9,7
433,27,438,66,400,12,38,114,1,8,3,13,4
434,28,25,0,22,2,3,5,2,1,0,4,5
435,49,31,0,7,2,0,6,1,1,0,3,5
436,12,357,35,271,28,28,14,3,6,2,12,5
437,14,400,4,35,6,0,22,2,9,1,5,8
438,89,99,0,15,2,1,5,3,2,1,4,7
439,96,1,11,5,4,6,9,2,2,0,3,8
440,56,5,4,13,8,0,4,1,1,0,3,8
441,72,77,28,31,16,0,4,2,2,1,5,4
442,14,3,1,2,4,3,1,1,0,0,3,5
443,13,10,4,14,4,4,1,1,1,0,3,8
444,99,0,6,3,7,6,12,1,1,0,3,8
445,72,0,0,1,2,12,5,1,1,0,2,8
446,92,76,14,74,13,5,10,2,5,0,4,8
447,87,398,190,537,61,156,37,1,4,5,7,1
448,7,14,7,11,11,0,5,2,2,0,3,8
449,91,208,7,82,30,66,35,2,3,2,9,3
450,71,430,16,322,43,24,33,5,4,7,11,3
451,24,656,38,161,62,47,37,3,8,9,7,7
452,17,14,2,30,8,2,3,1,2,0,4,5
453,87,141,70,106,72,19,23,2,4,2,8,3
454,21,507,19,364,25,47,9,3,9,5,10,7
455,90,164,24,103,12,3,42,7,5,1,6,8
456,44,606,24,974,197,194,64,1,7,7,9,4
457,71,116,11,72,3,17,46,4,4,1,5,6
458,52,143,15,60,24,23,5,2,2,1,8,2
459,78,398,96,447,220,96,32,1,5,7,6,3
460,2,522,0,257,32,16,66,4,2,2,8,7
461,60,161,0,253,199,191,122,1,3,7,11,1
462,25,112,0,6,2,1,14,2,3,1,3,6
463,47,483,84,398,205,84,241,1,3,7,8,1
464,46,7,5,39,17,15,37,2,4,0,3,7
465,83,789,25,420,16,38,0,1,2,8,9,1
466,17,1239,17,413,23,34,17,1,5,6,5,2
467,13,4,1,5,2,0,3,1,1,0,2,8
468,86,335,42,127,28,5,5,3,7,2,8,6
469,92,639,8,166,11,8,58,3,7,3,12,7
470,47,563,76,384,84,192,89,4,6,10,13,4
471,18,2,0,8,2,2,3,1,1,0,2,8
472,81,746,8,125,11,8,8,7,8,6,9,6
473,91,22,1,13,4,0,4,2,1,0,3,7
474,58,4,1,6,4,1,9,1,1,1,2,5
475,40,478,0,193,110,75,117,4,8,3,11,5
476,67,20,3,4,2,0,2,2,1,0,3,3
477,19,451,0,39,0,4,24,1,7,1,8,5
478,93,371,22,39,6,0,92,4,6,2,7,5
479,41,281,7,84,15,0,119,7,7,3,4,8
480,60,19,7,19,0,1,24,1,2,1,2,7
481,54,26,3,13,2,10,0,1,2,0,3,6
482,26,138,15,35,25,11,72,2,6,2,2,9
483,30,213,2,44,0,2,5,4,4,2,5,5
484,93,407,28,100,120,74,18,1,5,9,4,3
485,35,483,74,114,169,37,18,1,5,10,13,3
486,4,738,0,232,13,20,50,2,3,5,7,7
487,92,502,12,109,16,6,90,2,7,2,10,6
488,24,11,0,5,2,1,1,1,1,0,3,7
489,96,24,1,108,29,29,14,1,4,1,4,8
490,11,1170,19,594,99,76,134,2,2,5,12,6
491,99,185,2,88,15,5,14,2,6,1,5,8
492,72,983,20,389,240,50,40,1,3,5,13,6
493,77,691,0,69,10,0,130,4,2,6,3,8
494,85,504,13,131,8,0,26,1,9,4,6,7
495,88,317,25,265,25,19,12,3,5,3,11,5
496,22,29,1,9,2,0,2,1,2,0,3,3
497,83,1396,0,322,46,35,17,1,4,9,4,6
498,63,529,0,356,63,28,0,3,6,7,11,3
499,9,388,14,218,91,14,21,1,4,3,13,2
500,92,13,2,21,4,0,24,2,1,1,2,8
501,2,28,0,4,0,0,0,1,1,0,3,5
502,6,16,36,21,20,62,108,1,4,1,3,8
503,66,1047,0,140,67,38,153,2,4,3,12,8
504,49,31,0,7,2,0,6,1,1,0,3,5
505,29,815,10,239,28,10,108,2,10,4,12,6
506,77,225,162,387,106,36,29,1,5,10,8,3
507,77,493,70,324,146,40,84,1,3,7,11,1
508,71,34,4,66,3,10,20,1,2,1,4,7
509,49,382,138,65,60,26,59,6,5,2,12,5
510,97,127,1,56,0,1,31,3,4,2,3,7
511,6,325,83,300,86,58,91,1,6,4,12,3
512,93,238,17,68,8,10,6,3,6,2,5,7
513,78,1168,92,408,72,129,55,1,5,6,7,1
514,62,284,0,55,0,6,52,4,6,2,5,8
515,47,1288,20,613,80,61,27,1,5,7,9,2
516,9,65,0,46,4,3,20,4,3,1,3,8
517,77,11,7,9,3,1,11,1,1,0,3,7
518,24,227,23,389,42,21,75,1,4,5,7,2
519,19,1035,134,670,25,38,0,1,6,3,10,3
520,67,27,1,12,2,0,10,2,2,0,3,7
521,95,982,73,351,56,14,175,1,2,4,6,5
522,48,179,2,64,38,17,58,1,5,1,6,5
523,73,1379,33,216,0,33,66,1,2,4,9,6
524,35,32,1,64,16,12,85,3,2,2,3,6
525,76,8,4,15,7,6,2,1,1,0,3,8
526,20,881,38,319,16,25,12,1,4,5,10,2
527,72,141,15,153,67,31,35,1,4,4,6,3
528,20,1000,155,379,224,17,120,1,4,8,4,8
529,69,206,10,67,30,27,71,6,4,1,8,6
530,80,162,61,83,97,57,61,4,4,3,8,5
531,65,619,54,260,127,54,54,1,4,7,5,1
532,52,456,4,24,0,0,9,7,8,2,6,7
533,65,112,6,92,3,9,38,2,3,2,5,4
534,57,11,3,22,2,2,6,2,2,0,3,6
535,70,172,12,112,8,0,15,4,6,1,5,7
536,0,78,0,11,0,0,7,1,2,1,3,5
537,19,464,151,292,65,60,30,1,8,3,4,4
538,50,99,4,32,37,54,6,2,2,1,7,2
539,67,19,3,19,4,5,26,3,3,0,3,7
540,46,1,9,8,11,3,22,3,3,0,3,8
541,37,63,10,83,7,19,19,2,4,1,4,7
542,38,252,3,42,4,3,102,2,4,5,3,6
543,9,1478,19,403,0,19,0,1,7,6,6,3
544,56,198,18,252,32,108,54,2,4,6,8,3
545,98,8,4,10,6,7,6,2,2,0,4,5
546,68,416,46,925,60,107,46,1,3,6,4,1
547,72,42,7,43,20,12,10,1,3,0,4,6
548,47,14,3,21,2,1,28,4,3,1,2,8
549,33,17,0,3,0,0,1,2,1,0,3,6
550,87,15,4,10,3,4,18,2,1,1,3,3
551,0,6,16,24,11,0,34,2,3,1,2,7
552,73,458,0,24,6,4,34,2,6,2,8,6
553,74,30,3,47,19,21,42,1,3,2,2,8
554,4,179,28,520,111,123,47,1,3,8,13,1
555,50,90,17,97,15,6,15,6,4,1,5,8
556,57,308,85,137,102,45,118,2,6,2,11,5
557,30,557,129,761,29,185,111,1,5,6,7,2
558,27,7,4,13,15,8,17,2,2,0,4,5
559,61,1492,38,287,50,57,33,1,5,10,4,6
560,4,30,8,12,8,8,12,1,2,0,4,5
561,75,249,153,940,58,134,38,0,6,6,7,2
562,12,465,25,132,136,0,37,2,8,3,13,4
563,13,129,129,259,168,121,83,5,6,3,12,4
564,9,174,18,81,28,6,24,3,3,2,7,3
565,48,189,2,29,3,2,40,2,3,2,5,4
566,80,747,10,161,65,40,42,4,4,2,9,8
567,60,6,0,2,2,0,1,1,1,0,2,5
568,43,14,0,3,0,0,4,1,1,0,2,6
569,19,12,0,4,0,0,1,1,1,0,2,7
570,26,98,0,106,49,10,106,5,5,1,5,6
571,58,32,0,5,0,0,1,2,1,0,3,7
572,42,51,12,49,17,24,24,3,4,1,3,8
573,27,200,5,44,0,10,20,1,5,1,5,5
574,56,25,6,25,6,0,0,2,2,0,3,8
575,27,1050,12,144,0,0,24,3,6,4,8,5
576,10,117,0,22,13,0,30,3,4,1,3,7
577,48,9,4,17,10,2,7,4,3,0,3,8
578,39,56,0,11,0,0,8,2,2,0,4,5
579,85,145,13,46,17,2,4,6,4,2,4,7
580,64,203,0,10,0,0,2,5,3,1,6,6
581,69,270,3,27,39,6,99,7,7,1,5,8
582,54,9,0,16,6,6,10,1,1,0,3,8
583,57,37,12,23,8,11,52,1,2,1,3,7
584,64,46,0,7,0,0,2,2,2,0,3,6
585,10,31,1,13,7,2,9,4,2,1,4,4
586,65,1060,21,530,32,0,224,1,5,11,5,3
587,74,264,47,188,54,47,11,2,4,4,10,2
588,4,399,4,30,6,4,30,3,7,1,7,7
589,94,8,9,9,2,5,22,1,1,1,3,4
590,41,19,0,35,6,4,17,2,2,1,2,7
591,25,817,183,797,106,163,20,0,5,11,5,2
592,94,292,127,635,132,127,165,1,3,7,9,1
593,9,12,6,2,11,2,16,1,1,0,3,4
594,47,130,30,168,20,34,0,1,3,4,7,1
595,12,6,4,16,3,10,30,3,3,1,2,7
596,80,16,12,18,7,1,13,1,2,0,3,7
597,20,19,0,9,0,0,2,2,1,0,3,8
598,39,4,7,15,13,9,15,3,2,1,3,6
599,57,31,3,31,2,8,4,3,3,0,4,8
600,27,36,0,2,0,0,4,1,1,0,3,7
601,83,526,28,135,10,21,99,3,5,3,12,5
602,79,400,32,519,71,75,54,1,3,4,9,1
603,69,410,16,114,0,5,49,3,5,2,10,5
604,77,80,3,26,4,2,14,4,3,1,3,7
605,15,88,10,46,2,3,64,4,5,1,2,10
606,99,55,0,6,2,0,4,2,1,1,3,5
607,61,5,1,13,3,5,1,1,1,0,3,7
608,23,8,4,5,15,2,11,2,1,0,3,7
609,84,410,0,592,147,22,22,1,6,4,7,3
610,74,101,13,76,20,18,40,2,3,1,6,6
611,90,162,25,53,16,0,10,1,3,1,7,3
612,41,2,8,1,4,7,15,1,1,0,3,8
613,28,25,0,8,2,0,2,2,2,0,3,7
614,73,389,91,248,64,49,41,3,6,3,13,5
615,88,215,13,87,17,17,24,5,6,2,5,7
616,94,27,0,5,0,0,3,2,1,0,3,8
617,31,85,1,16,2,1,2,0,0,0,1,1
618,31,5,6,10,6,5,10,1,1,0,3,4
619,6,179,8,83,19,11,26,5,1,2,9,2
620,23,352,0,27,10,0,15,3,6,1,7,6
621,92,17,8,12,11,15,32,1,2,1,2,7
622,52,625,35,169,58,17,35,1,4,3,6,1
623,50,10,6,11,0,4,2,1,1,0,3,7
624,54,390,22,323,104,35,107,1,6,8,6,3
625,93,10,2,15,2,1,6,2,2,0,3,6
626,56,215,63,507,231,31,190,1,8,4,7,3
627,28,1001,17,572,93,125,17,7,11,11,5,7
628,94,19,18,33,24,1,8,3,3,0,3,9
629,76,41,5,129,10,3,3,3,4,1,4,9
630,43,1181,107,199,39,30,30,2,7,3,13,8
631,46,603,45,207,36,18,54,1,3,4,6,1
632,13,129,129,259,168,121,83,5,6,3,12,4
633,27,10,24,15,13,1,30,1,2,1,3,7
634,12,514,22,732,42,198,79,1,6,7,7,3
635,3,14,0,1,0,0,1,1,1,0,2,7
636,72,387,20,713,38,54,163,1,9,11,11,5
637,6,121,103,69,8,44,48,1,4,2,7,4
638,53,965,69,279,54,41,69,5,8,4,9,7
639,58,707,21,250,85,43,73,2,6,2,8,2
640,78,571,50,142,33,50,159,4,4,5,13,2
641,57,586,66,653,17,0,26,1,5,9,6,2
642,37,1063,89,102,16,12,25,4,9,4,6,6
643,20,305,3,27,4,3,144,2,5,4,4,5
644,73,1200,105,758,0,42,147,1,4,2,6,2
645,56,163,2,40,8,11,11,7,3,1,6,6
646,36,1009,181,104,202,21,207,0,9,8,13,3
647,9,125,6,73,8,4,19,1,3,1,6,4
648,42,721,0,152,119,50,50,3,7,6,12,4
649,28,315,4,62,41,31,146,2,7,1,7,5
650,23,1000,19,711,125,115,38,0,4,6,9,1
651,38,16,0,17,6,3,6,2,1,0,3,9
652,63,757,80,217,29,80,11,5,9,6,12,6
653,71,30,2,25,0,1,9,1,1,1,4,2
654,9,219,3,100,26,0,17,2,7,1,5,8
655,81,1,1,1,1,1,1,0,0,0,0,0
656,87,111,3,28,2,6,15,2,3,1,4,6
657,92,45,47,52,21,20,25,2,3,1,5,6
658,36,410,112,420,0,82,71,1,9,3,13,4
659,86,100,1,39,6,1,76,4,3,2,3,6
660,83,509,0,65,7,11,5,4,7,2,9,6
661,74,3,6,5,0,2,6,1,0,0,3,7
662,87,445,53,213,104,98,151,1,6,4,13,4
663,29,2,2,11,41,7,11,1,2,0,3,8
664,88,4,1,11,6,2,2,1,1,0,3,6
665,77,6,1,7,23,4,19,1,1,1,2,8
666,25,14,0,3,0,0,3,1,1,0,2,7
667,34,1,10,11,19,3,15,2,2,0,3,6
668,43,26,0,6,0,0,2,1,1,0,3,8
669,76,111,16,37,7,9,18,3,3,1,5,3
670,81,418,61,428,80,51,10,3,7,8,10,5
671,87,327,9,122,19,14,83,5,5,2,9,6
672,33,371,159,194,58,106,141,4,4,3,6,3
673,38,275,59,107,69,101,59,2,6,4,8,4
674,63,789,0,142,12,9,38,2,2,4,8,8
675,26,1,1,5,0,3,1,1,1,0,2,8
676,17,1004,12,145,32,12,36,3,10,3,5,5
677,75,187,81,149,25,43,91,1,2,2,12,1
678,13,56,4,76,17,1,18,4,4,1,3,9
679,19,365,32,117,34,110,6,1,3,3,13,2
680,51,595,23,123,10,23,154,2,8,9,4,6
681,81,1132,134,384,175,134,115,1,11,5,13,7
682,32,34,11,137,179,61,45,1,8,1,5,8
683,84,116,6,82,6,6,41,2,3,1,6,5
684,87,565,32,435,28,32,54,1,2,8,6,1
685,99,372,18,126,47,48,78,2,5,2,11,4
686,96,899,102,838,133,102,40,1,5,6,10,2
687,21,55,16,1622,17,3,4,15,0,28,1,0
688,40,760,40,480,0,40,26,1,3,5,12,1
689,3,260,86,559,63,9,67,1,4,6,4,2
690,98,459,0,24,6,0,4,6,4,5,7,6
691,73,466,0,224,119,49,99,1,5,3,4,2
692,90,67,15,80,17,11,80,3,1,4,4,3
693,29,2,0,7,3,7,10,1,1,0,3,6
694,3,67,1,20,0,2,31,3,2,2,2,7
695,94,92,4,18,3,3,6,1,2,1,4,3
696,65,4,2,11,2,0,4,1,1,0,2,6
697,33,20,1,28,3,3,2,3,2,0,3,8
698,46,273,11,178,62,83,29,2,8,4,6,6
699,29,434,22,388,104,22,34,1,10,7,10,4
700,99,321,11,309,33,26,34,3,9,3,5,4
701,26,212,123,177,15,64,23,2,8,2,8,4
702,30,909,12,278,0,12,242,3,5,2,11,8
703,27,1184,32,352,21,16,16,1,3,4,7,1
704,24,112,19,21,16,14,5,3,4,1,4,7
705,93,656,80,455,52,107,93,2,8,4,8,4
706,34,23,0,8,6,2,18,1,1,1,3,2
707,88,537,6,42,16,6,30,2,9,3,6,8
708,96,712,0,45,0,0,191,3,2,4,5,7
709,10,23,1,13,2,2,18,1,1,1,2,7
710,26,1,3,4,2,2,6,1,1,0,2,8
711,49,664,58,83,32,0,66,4,7,5,10,5
712,11,6,10,21,19,14,42,2,2,1,3,6
713,44,299,5,201,21,21,49,3,5,4,8,4
714,75,99,13,66,43,8,4,3,4,1,5,7
715,64,749,40,294,121,160,147,1,3,2,5,1
716,19,345,25,501,63,138,80,1,5,3,8,2
717,45,9,4,18,7,5,5,2,2,0,3,7
718,77,440,81,368,0,122,174,6,11,5,9,6
719,9,8,2,5,3,0,3,1,1,0,2,7
720,1,670,9,249,0,28,9,2,5,4,5,4
721,90,524,0,134,28,28,155,1,11,1,8,7
722,43,6,0,6,2,1,1,2,1,0,3,7
723,79,597,166,597,172,166,249,1,5,6,4,3
724,19,7,0,12,13,7,32,5,4,1,2,9
725,99,54,0,7,0,0,4,1,2,0,3,6
726,62,445,25,706,80,76,48,1,6,5,12,2
727,41,294,142,218,164,58,151,1,3,8,11,1
728,60,292,3,77,10,3,26,7,6,3,5,7
729,17,412,22,132,59,28,183,1,11,6,8,4
730,24,8,0,3,0,0,0,1,0,0,3,5
731,60,349,4,78,6,0,43,8,7,2,6,8
732,57,328,9,124,12,24,109,7,4,2,10,3
733,74,144,2,99,7,2,30,5,6,1,4,8
734,22,1126,28,211,37,28,42,3,4,3,4,5
735,46,967,0,617,43,50,0,1,4,8,13,2
736,69,432,79,341,177,136,170,2,8,5,4,4
737,29,138,39,63,55,18,21,1,4,1,7,2
738,37,0,0,1,7,4,6,1,1,0,2,7
739,26,509,133,497,78,24,97,2,7,5,6,4
740,8,948,10,86,13,21,21,4,6,9,11,5
741,26,39,2,25,4,3,24,2,3,0,3,8
742,79,28,1,21,3,0,10,3,2,1,3,5
743,71,13,11,24,13,8,40,2,3,0,4,6
744,83,307,26,360,138,31,40,1,6,9,5,3
745,57,901,31,345,75,31,191,1,4,4,11,1
746,37,2,5,12,4,8,7,3,2,0,4,5
747,30,283,17,372,138,106,44,1,3,8,12,1
748,34,4,3,7,0,3,11,1,1,0,2,7
749,0,769,80,252,15,34,65,1,10,10,7,6
750,89,518,42,742,55,56,84,1,6,10,5,2
751,92,350,8,66,17,4,4,2,3,2,10,3
752,87,445,53,213,104,98,151,1,6,4,13,4
753,20,778,178,689,41,27,44,1,8,5,11,8
754,56,709,93,374,104,80,80,1,8,6,6,3
755,28,359,35,314,93,116,89,1,7,3,13,4
756,55,799,12,375,16,12,12,5,7,6,5,6
757,25,895,10,101,13,0,152,5,3,4,8,8
758,0,40,2,23,0,4,23,2,2,1,3,4
759,86,76,0,7,0,0,16,1,3,2,2,5
760,8,11,5,22,12,5,11,2,3,0,3,7
761,33,245,16,223,21,43,16,2,8,1,8,6
762,13,647,107,391,175,67,40,1,6,4,10,3
763,12,39,1,9,2,1,34,1,2,1,2,7
764,92,203,35,305,46,17,227,1,2,11,5,1
765,90,138,3,38,4,0,59,3,3,2,4,6
766,8,587,51,898,247,0,86,1,3,6,7,2
767,6,595,97,291,127,133,121,1,11,5,12,6
768,91,43,12,23,29,15,61,1,2,1,4,4
769,52,301,7,74,10,0,58,4,6,1,7,6
770,3,180,32,348,76,32,90,2,5,2,12,2
771,57,794,115,243,150,0,205,1,8,5,6,3
772,9,392,5,91,28,26,112,8,7,3,7,8
773,22,39,1,22,3,4,12,3,2,0,4,7
774,76,107,2,12,2,2,12,0,0,0,1,20
775,86,13,0,3,0,0,0,1,1,0,2,7
776,64,70,0,17,0,0,6,2,2,1,3,6
777,90,680,11,392,75,0,0,1,2,11,4,1
778,79,26,1,11,0,1,4,2,1,0,3,3
779,28,522,0,522,227,120,134,2,6,9,5,2
780,86,412,12,546,78,182,0,1,4,4,10,1
781,42,6,5,5,8,0,5,2,1,0,3,4
782,39,2,3,6,4,1,9,1,1,1,2,7
783,8,1,3,8,2,5,5,1,1,0,2,7
784,40,6,2,15,6,6,3,1,1,0,3,8
785,5,4,12,5,3,16,17,2,2,0,3,7
786,96,18,2,19,0,2,6,5,3,0,4,7
787,28,324,48,186,39,18,198,6,6,8,4,7
788,22,327,9,125,25,4,139,6,7,1,8,7
789,30,229,27,71,13,3,34,4,7,1,5,9
790,45,521,168,706,80,76,61,1,3,6,4,2
791,58,184,23,446,30,23,23,1,5,4,7,2
792,49,4,8,11,12,2,13,1,2,0,3,7
793,37,183,2,64,7,2,12,4,3,3,5,4
794,70,31,19,35,26,14,52,2,1,1,5,3
795,33,219,3,60,12,9,12,1,4,1,7,7
796,98,479,28,136,75,14,35,3,10,3,7,6
797,17,584,44,212,46,8,177,3,11,4,8,8
798,54,627,91,597,159,91,15,1,6,5,12,3
799,39,24,1,16,12,2,5,3,4,0,3,8
800,81,330,5,159,36,27,16,4,4,4,9,4
801,71,19,1,10,2,1,8,1,1,0,3,5
802,62,28,23,29,29,14,47,3,2,1,4,6
803,8,606,148,228,15,148,22,1,6,8,13,2
804,76,1039,43,204,153,58,29,3,2,8,12,8
805,66,411,0,26,0,0,21,6,7,1,7,7
806,83,34,1,19,2,7,0,1,1,1,3,2
807,28,161,28,136,32,3,45,4,3,4,6,3
808,87,623,53,178,23,17,133,7,3,2,8,8
809,43,604,26,470,123,161,94,2,5,9,6,2
810,0,3,10,8,3,16,32,1,1,1,2,6
811,1,12,2,17,6,1,10,2,2,0,3,8
812,1,184,174,256,50,30,32,1,5,4,6,2
813,72,393,0,239,90,69,69,6,5,7,9,4
814,72,410,73,747,76,161,30,0,5,5,12,1
815,12,376,9,83,19,4,4,2,5,4,7,3
816,89,7,2,4,2,1,4,1,1,0,2,6
817,67,68,0,226,51,157,68,3,10,2,4,9
818,54,642,14,49,0,7,57,1,9,2,9,5
819,34,8,7,9,13,6,12,2,2,0,3,8
820,15,840,53,804,23,71,17,1,5,4,8,3
821,43,7,10,13,3,11,11,2,2,0,3,7
822,0,464,5,64,7,0,37,1,7,3,7,5
823,74,30,3,47,19,21,42,1,3,2,2,8
824,61,1492,38,287,50,57,33,1,5,10,4,6
825,51,752,122,476,39,153,34,1,10,2,11,8
826,97,1279,15,287,20,0,15,3,3,4,7,5
827,75,22,1,8,2,1,2,2,1,0,3,8
828,83,860,28,409,73,56,56,1,8,9,4,4
829,23,3,0,5,13,0,1,1,1,0,3,6
830,65,10,5,28,11,1,8,1,2,0,3,5
831,94,351,16,156,7,5,145,1,6,4,7,6
832,42,421,5,90,0,16,10,3,7,3,7,5
833,10,2,5,7,0,18,18,2,2,0,3,7
834,94,25,1,9,2,1,1,2,1,0,3,8
835,50,336,123,274,46,123,141,5,6,5,12,3
836,46,191,9,97,0,6,82,2,6,1,5,7
837,98,563,50,774,28,31,187,1,7,7,12,3
838,42,31,0,6,0,1,8,1,1,0,3,6
839,30,479,5,82,7,17,171,2,7,6,5,5
840,11,18,6,15,12,8,17,3,2,1,3,5
841,61,91,65,52,10,44,28,3,3,2,6,5
842,12,5,7,24,19,14,20,4,3,0,4,6
843,76,2,14,28,16,3,7,4,4,0,3,9
844,2,362,50,431,134,35,54,1,3,6,7,1
845,43,724,74,929,97,55,130,1,5,6,7,2
846,27,605,91,399,0,45,205,2,3,6,8,3
847,60,547,7,140,0,7,63,3,7,5,8,5
848,79,104,1,54,13,9,14,2,3,1,5,5
849,96,8,2,15,0,10,18,4,3,1,3,5
850,17,224,2,25,7,0,110,2,5,3,3,6
851,0,384,0,102,21,32,5,3,6,2,9,4
852,38,556,54,845,202,133,63,1,7,7,10,3
853,43,24,0,2,0,0,9,2,1,1,2,5
854,1,408,0,21,0,0,17,3,7,1,7,8
855,25,265,199,303,234,9,170,7,10,2,12,7
856,2,34,0,7,0,0,0,1,1,0,3,7
857,66,374,64,116,84,25,64,3,6,2,11,5
858,49,27,2,10,0,0,1,2,1,0,3,8
859,5,600,20,350,29,30,33,1,6,9,10,2
860,71,13,2,18,6,1,0,2,2,0,3,8
861,35,167,2,89,0,0,34,6,6,1,4,8
862,94,0,2,3,4,1,5,1,0,0,3,6
863,80,46,35,69,84,41,66,6,4,1,6,7
864,61,88,39,78,58,13,93,2,6,1,4,7
865,29,243,11,119,10,3,15,3,4,2,8,4
866,0,275,11,68,25,7,7,3,5,1,8,5
867,80,6,0,4,0,0,0,1,1,0,2,7
868,54,121,62,90,68,20,125,3,2,3,8,3
869,71,4,12,15,19,7,12,2,2,0,3,7
870,27,1308,0,396,23,0,0,1,5,7,4,3
871,61,515,47,267,62,66,38,2,5,5,4,3
872,55,4,0,16,17,4,4,3,4,0,3,7
873,35,48,13,57,24,15,25,4,3,1,4,7
874,34,562,58,168,43,16,142,1,5,7,10,3
875,95,769,22,500,210,143,33,1,4,8,5,2
876,64,379,4,93,12,9,98,7,6,6,4,6
877,30,29,12,59,19,1,36,2,3,0,4,8
878,12,387,68,569,89,45,68,1,6,9,12,1
879,96,12,23,38,30,18,7,4,3,1,3,9
880,16,6,10,12,3,15,40,3,3,1,2,8
881,16,27,1,14,4,1,21,2,2,0,3,8
882,78,9,1,5,0,0,1,1,0,0,3,5
883,83,22,0,19,6,5,3,2,2,0,3,6
884,96,899,102,838,133,102,40,1,5,6,10,2
885,67,889,55,685,168,92,129,1,3,2,13,1
886,87,189,2,55,0,5,12,4,6,1,4,9
887,34,48,0,2,0,0,5,2,2,0,3,7
888,46,230,14,156,82,24,58,8,9,2,5,8
889,7,852,60,207,78,36,48,2,2,6,10,5
890,73,35,3,20,4,1,20,2,2,0,3,9
891,54,205,20,47,23,2,56,6,5,2,5,5
892,93,255,31,446,40,56,175,1,3,10,11,1
893,52,0,0,1,8,3,2,1,1,0,2,7
894,53,437,8,206,160,49,42,2,7,10,5,6
895,81,825,8,53,11,0,242,2,8,10,5,6
896,8,316,58,161,76,51,135,1,6,9,4,5
897,97,756,138,354,160,169,61,2,10,6,7,4
898,50,194,55,134,15,0,3,3,4,2,8,6
899,38,7,17,18,6,10,26,4,4,0,3,8
900,61,183,33,493,59,103,57,1,4,3,10,2
901,46,171,0,11,0,1,20,2,4,1,4,6
902,73,243,101,405,29,40,40,1,4,5,6,2
903,19,181,21,69,39,3,96,1,3,3,6,3
904,10,151,7,89,0,7,28,5,4,1,6,5
905,94,494,92,391,194,11,241,1,3,4,10,0
906,10,464,28,873,29,18,37,0,7,4,7,2
907,37,5,1,5,10,0,7,1,1,0,2,7
908,94,29,0,29,0,5,4,1,2,0,3,5
909,23,102,9,49,24,3,12,1,2,1,6,4
910,75,604,28,674,91,28,28,1,3,10,8,1
911,40,571,12,523,63,60,24,1,3,10,5,2
912,24,953,0,71,0,0,174,6,10,5,10,8
913,11,63,3,67,8,9,28,2,3,1,4,7
914,29,770,29,890,250,27,24,1,7,3,7,3
915,51,398,61,265,138,61,53,1,3,4,6,1
916,86,741,19,154,50,9,28,1,3,4,7,2
917,9,1478,19,403,0,19,0,1,7,6,6,3
918,30,156,29,56,30,32,47,2,3,2,7,3
919,73,960,64,464,146,0,16,1,6,9,9,3
920,25,38,0,2,0,0,6,1,1,0,3,7
921,67,315,26,473,220,12,182,1,2,10,6,1
922,67,15,20,25,2,7,26,1,2,0,4,6
923,58,19,6,20,0,5,12,3,1,1,4,4
924,82,812,99,431,237,149,33,1,11,4,10,5
925,98,73,28,217,10,24,115,3,6,1,6,8
926,93,372,23,384,250,12,108,1,4,5,9,2
927,53,871,111,704,145,55,166,1,4,4,10,2
928,66,375,152,335,93,91,81,1,5,4,6,2
929,6,760,80,466,17,13,80,1,6,9,5,3
930,42,471,0,510,99,21,12,1,6,4,9,2
931,78,31,9,27,16,9,33,1,1,1,4,3
932,29,819,0,72,12,0,63,2,11,2,10,7
933,82,1,4,3,8,9,7,1,1,0,3,8
934,92,203,35,305,46,17,227,1,2,11,5,1
935,78,26,0,15,2,1,2,2,3,0,3,8
936,54,354,21,311,167,75,32,1,9,3,4,4
937,45,1253,0,447,23,71,35,3,11,5,11,8
938,59,371,17,238,23,24,106,3,7,5,11,5
939,8,588,7,76,110,15,15,2,8,4,9,6
940,51,480,86,249,75,86,144,8,6,3,5,6
941,51,517,12,54,16,6,120,2,7,4,7,5
942,76,267,98,606,48,70,98,1,3,2,6,1
943,62,1111,24,790,160,45,172,0,5,8,5,2
944,86,7,7,14,7,16,15,3,2,1,3,7
945,60,1166,0,48,0,0,36,1,4,4,10,8
946,56,261,42,144,55,48,133,3,4,4,9,3
947,83,135,25,51,23,25,46,2,4,2,5,3
948,92,6,2,18,2,8,14,1,2,0,3,4
949,31,711,28,142,49,18,47,2,3,2,9,8
950,80,11,0,13,2,4,11,1,2,0,3,4
951,39,42,0,17,0,0,18,3,2,1,3,5
952,20,79,7,58,6,3,18,4,3,1,4,6
953,53,20,6,43,19,5,38,1,3,1,2,8
954,84,30,0,8,2,0,14,1,1,1,2,6
955,50,20,2,23,3,1,4,5,3,0,4,8
956,96,115,27,44,4,146,139,3,5,2,6,5
957,94,263,5,233,69,41,83,4,5,5,8,5
958,25,69,2,15,2,2,6,2,2,0,4,5
959,48,267,3,30,4,0,57,4,5,2,5,6
960,65,561,85,171,25,123,114,2,4,7,13,2
961,69,492,0,37,7,0,42,3,6,3,8,5
962,12,14,7,9,6,16,12,2,2,0,3,6
963,84,80,4,46,0,17,2,5,2,1,5,6
964,47,97,12,84,13,10,15,7,3,1,6,5
965,87,197,107,227,7,59,131,3,5,2,11,4
966,35,693,21,925,31,24,84,1,6,7,9,2
967,47,43,2,27,0,9,12,3,3,0,4,7
968,48,14,0,2,0,0,7,1,1,0,2,8
969,46,186,36,234,86,72,48,6,10,2,6,9
970,27,434,137,400,45,137,45,1,3,4,10,1
971,37,59,0,11,4,2,5,4,3,0,4,7
972,8,16,5,30,8,7,26,3,3,0,4,8
973,29,230,35,75,63,57,31,3,7,1,7,5
974,85,829,138,430,60,92,15,1,4,6,13,2
975,2,318,8,407,150,35,8,1,2,8,13,0
976,66,1206,55,445,168,18,18,1,2,4,12,1
977,60,292,3,77,10,3,26,7,6,3,5,7
978,54,30,9,12,2,11,30,3,2,0,4,4
979,70,729,17,133,11,0,195,5,10,6,7,7
980,55,12,1,3,0,0,7,1,0,1,2,4
981,20,2,1,1,1,0,1,0,0,0,0,14
982,78,22,3,18,0,0,11,1,2,0,3,7
983,63,587,43,337,42,87,54,3,11,6,9,6
984,17,674,168,108,192,42,231,1,5,11,6,3
985,43,284,3,84,4,7,23,2,4,2,8,4
986,13,1023,93,651,49,55,37,1,5,6,7,2
987,46,1394,22,708,89,91,182,1,9,7,9,5
988,65,311,26,640,180,37,121,1,4,9,13,2
989,1,27,0,12,0,1,5,2,2,0,3,5
990,6,1296,17,311,45,69,51,1,2,4,10,1
991,32,3,6,7,0,0,3,1,0,0,3,7
992,34,393,5,136,7,5,27,5,10,1,6,9
993,70,218,63,282,137,35,70,4,5,3,12,4
994,49,66,0,16,0,6,20,2,1,1,4,3
995,65,4,2,11,2,0,4,1,1,0,2,6
996,25,795,0,545,95,58,0,1,8,4,10,6
997,84,15,10,19,8,17,20,3,2,1,3,5
998,7,384,25,292,130,41,64,3,8,8,6,6
999,34,244,8,32,7,2,50,4,3,1,8,4
1000,38,158,19,288,25,0,38,1,6,4,9,7
1001,1,1285,21,449,106,20,20,1,4,3,4,1
1002,25,349,16,144,28,5,182,5,8,5,4,8
1003,25,4,12,11,3,13,15,2,2,0,3,8
1004,50,223,2,31,0,2,39,5,5,2,4,8
1005,46,157,43,127,68,56,37,6,3,8,4,4
1006,96,397,46,288,20,38,70,2,6,5,10,3
1007,57,901,31,345,75,31,191,1,4,4,11,1
1008,47,14,3,21,2,1,28,4,3,1,2,8
1009,52,10,0,3,0,0,4,1,1,0,2,6
1010,30,1230,0,396,232,178,158,1,10,2,8,5
1011,63,81,1,31,2,1,0,1,1,1,5,2
1012,51,154,20,66,0,12,27,7,6,1,4,9
1013,14,63,0,21,7,0,12,1,3,0,3,8
1014,20,30,0,11,0,0,3,3,2,0,4,5
1015,56,90,67,165,30,43,11,1,4,2,8,3
1016,41,635,114,254,132,152,76,1,6,6,7,3
1017,72,127,4,73,15,6,11,1,2,1,7,2
1018,1,13,3,6,6,5,6,1,1,0,3,8
1019,27,18,42,24,15,20,18,1,2,1,4,7
1020,77,45,2,26,4,1,1,3,3,1,3,7
1021,87,38,1,24,0,0,0,1,2,0,3,8
1022,81,986,36,168,16,0,108,7,11,3,4,7
1023,51,61,0,3,0,0,7,1,1,1,3,5
1024,79,4,9,16,17,0,12,2,2,1,2,8
1025,11,201,53,172,116,77,83,3,5,4,9,4
1026,54,19,8,29,0,12,26,1,2,2,2,7
1027,93,4,8,11,19,12,26,2,2,1,2,9
1028,0,18,0,2,0,0,2,1,1,0,3,4
1029,54,806,80,161,120,11,33,5,10,7,10,6
1030,21,380,98,733,110,112,28,1,8,8,5,3
1031,58,576,172,961,125,115,19,1,8,6,5,3
1032,3,458,81,356,106,50,40,1,4,4,7,2
1033,99,5,10,13,3,8,16,1,1,0,3,8
1034,70,350,60,568,110,133,145,1,5,6,7,2
1035,65,39,33,130,41,26,44,2,5,1,5,8
1036,44,26,1,16,2,2,15,4,3,0,4,4
1037,6,68,0,16,0,0,8,3,2,0,4,7
1038,9,45,3,9,4,4,7,1,1,2,2,6
1039,95,359,0,134,13,26,123,4,6,3,8,5
1040,70,403,24,29,6,24,218,2,5,5,6,3
1041,92,34,1,14,0,0,5,3,2,0,3,8
1042,62,73,18,66,7,12,2,15,0,1,0,19
1043,85,292,30,415,63,33,200,1,4,5,4,2
1044,2,14,0,16,0,0,6,1,1,1,2,6
1045,0,80,1,37,0,1,3,3,2,1,4,7
1046,91,30,11,33,13,6,29,1,2,0,4,4
1047,3,463,96,333,168,53,10,1,7,7,12,3
1048,68,75,12,141,43,39,187,6,6,1,5,8
1049,98,538,13,91,17,6,26,6,6,2,11,5
1050,41,635,114,254,132,152,76,1,6,6,7,3
1051,16,8,0,3,0,0,1,1,1,0,2,8
1052,82,1315,22,780,145,0,178,1,7,8,9,5
1053,1,4,2,12,7,5,26,2,1,2,2,6
1054,64,12,0,13,2,0,10,1,1,0,3,7
1055,68,347,44,534,17,0,26,1,3,5,12,2
1056,98,192,5,53,0,5,15,4,6,1,4,8
1057,32,241,0,12,0,0,25,1,5,1,5,7
1058,87,631,28,491,30,14,56,1,6,7,8,3
1059,84,336,28,282,184,54,54,1,2,8,6,1
1060,3,1099,0,45,0,0,34,11,3,4,10,8
1061,34,743,19,181,12,0,200,2,7,6,11,5
1062,23,124,83,267,85,59,35,2,5,2,11,5
1063,37,15,0,8,4,2,20,2,1,1,2,5
1064,22,397,19,69,12,0,9,1,4,4,8,2
1065,19,10,4,4,3,3,14,3,1,1,3,7
1066,7,530,117,678,134,44,147,1,4,10,8,1
1067,52,1215,33,249,64,116,149,8,8,9,8,6
1068,91,3,2,7,0,4,2,1,1,0,2,8
1069,93,444,44,382,11,8,17,1,3,7,13,2
1070,78,26,0,15,2,1,2,2,3,0,3,8
1071,23,736,114,279,82,76,190,6,5,6,8,3
1072,83,473,21,176,19,21,56,3,9,2,9,6
1073,92,32,0,5,2,0,8,2,2,0,3,5
1074,4,288,10,30,4,10,125,1,6,1,6,6
1075,32,1050,178,555,77,138,118,1,4,7,9,1
1076,27,1001,44,107,58,44,44,1,6,7,11,2
1077,10,9,1,7,0,3,2,2,1,0,3,7
1078,9,234,14,77,19,10,42,2,4,1,8,5
1079,65,7,2,6,2,0,3,1,1,0,2,7
1080,68,251,108,334,65,92,117,1,4,3,5,2
1081,16,172,10,125,21,13,16,6,7,2,4,9
1082,12,565,42,548,64,83,99,1,5,6,4,3
1083,95,5,0,8,2,0,0,1,0,0,3,4
1084,16,918,57,842,99,38,133,1,5,8,6,3
1085,46,652,8,158,21,0,142,4,11,6,5,8
1086,3,4,1,7,2,1,2,2,1,0,3,4
1087,80,152,27,103,106,54,81,0,9,9,4,5
1088,77,8,0,9,2,1,3,1,1,0,2,6
1089,0,336,130,411,240,32,43,1,4,7,5,2
1090,62,938,19,843,25,95,38,1,6,6,7,2
1091,91,68,8,18,19,8,12,2,2,1,4,5
1092,24,227,23,389,42,21,75,1,4,5,7,2
1093,2,38,4,22,3,3,3,3,3,0,3,8
1094,22,105,0,9,2,1,4,3,2,1,4,3
1095,56,162,50,100,55,30,27,1,4,2,8,4
1096,54,574,8,216,21,16,33,1,4,3,5,1
1097,71,160,80,369,67,39,41,1,3,3,8,1
1098,38,6,0,5,0,0,1,1,1,0,2,7
1099,62,614,35,160,58,35,35,2,5,8,10,5
1100,78,897,161,430,186,161,27,0,4,7,6,1
1101,18,70,54,109,80,9,45,2,4,1,7,5
1102,95,120,19,206,25,19,54,6,7,2,5,8
1103,66,211,2,30,7,7,10,2,4,1,6,5
1104,28,11,0,16,7,6,21,1,2,0,3,8
1105,78,760,53,400,17,93,0,1,4,5,11,2
1106,13,53,0,8,0,0,2,1,2,0,3,5
1107,27,7,4,13,15,8,17,2,2,0,4,5
1108,17,391,32,70,21,32,16,2,6,2,9,5
1109,71,199,9,57,20,21,6,7,4,1,7,4
1110,79,516,56,449,86,33,16,1,2,2,11,1
1111,1,709,45,115,30,160,45,1,8,2,5,5
1112,78,12,0,4,0,0,0,1,1,0,2,5
1113,23,1000,19,711,125,115,38,0,4,6,9,1
1114,75,19,3,18,3,1,0,3,3,0,3,8
1115,70,1224,28,140,0,14,168,3,3,3,5,6
1116,10,16,2,18,3,0,24,1,1,1,2,8
1117,24,88,39,54,64,28,153,1,3,5,3,6
1118,47,2,23,11,8,6,46,1,2,1,2,8
1119,98,508,11,59,23,5,29,5,11,1,6,9
1120,4,381,28,215,84,28,21,2,6,5,9,3
1121,15,74,0,42,2,1,6,2,2,1,4,7
1122,67,146,0,93,7,13,73,5,4,2,5,7
1123,32,23,17,23,43,20,9,1,2,1,4,3
1124,40,110,5,137,26,23,29,2,6,1,5,7
1125,54,165,3,147,4,24,41,7,6,2,5,8
1126,78,957,47,494,82,47,95,4,5,3,6,8
1127,94,41,0,17,3,1,16,2,1,1,3,3
1128,51,1,3,4,2,3,11,1,0,0,3,4
1129,42,176,29,818,0,33,112,1,7,6,11,4
1130,67,815,8,53,11,0,70,4,2,2,9,7
1131,87,6,1,2,2,0,4,1,1,0,2,7
1132,29,8,4,20,6,3,16,1,1,0,3,5
1133,89,717,42,864,219,30,84,2,6,7,9,3
1134,74,1067,138,750,0,19,39,1,7,5,8,4
1135,97,166,5,107,11,8,29,2,5,1,6,6
1136,63,29,4,34,2,4,4,3,3,0,3,9
1137,88,714,76,395,116,0,12,1,4,6,9,1
1138,34,8,4,10,2,2,4,2,3,0,3,5
1139,81,229,5,56,3,2,20,2,6,2,4,7
1140,65,320,48,133,39,72,48,4,6,2,10,4
1141,51,23,0,26,7,15,3,1,2,0,4,5
1142,76,1,5,8,4,8,20,2,2,1,2,6
1143,76,56,0,12,0,0,18,2,2,0,4,7
1144,84,508,124,249,50,38,134,1,6,5,13,3
1145,56,29,0,25,2,2,3,4,2,1,4,4
1146,31,46,7,59,2,4,27,2,3,1,3,6
1147,0,454,0,171,8,19,32,12,9,2,8,8
1148,91,350,3,39,0,0,19,2,9,1,4,8
1149,40,10,0,8,0,0,9,1,1,0,2,9
1150,59,735,40,183,52,20,30,2,9,3,13,6
1151,96,897,126,196,91,112,37,3,10,4,7,6
1152,61,5,2,3,3,0,5,1,1,0,2,8
1153,14,777,35,731,39,137,114,1,5,9,11,2
1154,16,162,6,37,6,13,13,2,1,3,6,1
1155,98,35,0,11,0,0,2,4,2,1,3,7
1156,11,342,9,112,19,14,19,10,5,2,9,7
1157,52,258,105,239,237,172,9,1,7,3,4,4
1158,19,658,80,483,123,13,13,1,3,2,5,1
1159,61,356,80,329,138,17,106,2,7,6,10,5
1160,73,213,5,28,7,7,41,1,4,1,6,5
1161,0,454,0,171,8,19,32,12,9,2,8,8
1162,74,457,4,29,0,0,9,1,8,1,7,7
1163,55,241,45,604,34,26,54,1,6,4,10,2
1164,48,210,0,6,0,0,2,2,4,1,5,7
1165,53,441,35,83,7,29,11,4,4,2,12,4
1166,13,19,13,18,10,7,8,1,1,1,3,3
1167,34,28,9,37,12,7,13,3,2,0,4,8
1168,54,476,75,162,29,151,97,1,4,4,8,2
1169,69,364,40,425,158,60,50,1,3,4,8,1
1170,81,0,0,2,3,3,8,1,1,0,2,5
1171,99,0,6,3,7,6,12,1,1,0,3,8
1172,3,863,83,547,86,99,33,1,8,2,5,5
1173,61,349,7,35,0,0,47,3,8,2,4,7
1174,65,5,23,15,0,18,14,2,2,0,3,8
1175,93,184,2,19,8,8,4,3,2,2,6,5
1176,24,8,0,8,0,0,2,1,1,0,2,8
1177,8,277,21,64,62,21,25,2,3,2,10,3
1178,72,44,5,19,0,4,19,3,2,0,4,5
1179,29,1156,120,915,94,144,96,1,3,4,10,1
1180,33,373,14,83,6,9,19,3,8,2,6,7
1181,68,134,8,76,6,0,11,1,4,1,5,6
1182,55,1148,0,60,0,0,24,3,9,5,4,7
1183,76,6,12,3,21,6,40,5,2,2,3,5
1184,17,4,1,11,0,0,1,1,1,0,2,7
1185,94,5,4,8,2,0,5,1,1,0,3,5
1186,86,24,2,20,2,2,10,2,1,0,4,4
1187,25,899,0,101,0,0,20,1,6,6,13,4
1188,22,108,1,28,13,1,4,2,3,1,4,8
1189,15,27,2,7,0,2,13,1,1,0,3,5
1190,35,816,66,549,216,66,99,1,5,6,4,3
1191,81,1298,0,70,37,14,42,4,7,4,10,4
1192,55,10,0,11,17,29,29,1,1,2,2,4
1193,94,87,13,34,10,6,10,1,4,0,4,5
1194,50,57,2,51,4,2,23,3,2,1,4,6
1195,64,635,15,100,20,7,131,1,9,3,9,6
1196,91,43,12,23,29,15,61,1,2,1,4,4
1197,11,964,34,137,15,0,11,2,5,2,10,8
1198,72,572,8,259,34,35,80,1,3,5,5,1
1199,6,341,142,113,259,151,66,3,6,6,12,5
1200,0,63,6,57,13,13,22,4,2,1,5,4
1201,66,221,104,169,102,78,84,3,9,2,8,7
1202,42,140,3,29,4,5,14,2,3,2,4,4
1203,60,1,2,8,4,3,13,2,1,1,2,7
1204,64,291,10,689,84,10,0,1,3,4,9,1
1205,87,544,13,85,8,6,29,3,10,4,5,8
1206,96,684,100,801,21,66,0,1,6,9,10,2
1207,1,1,12,9,0,14,7,1,2,0,3,7
1208,54,35,0,4,0,0,10,1,1,1,2,5
1209,53,87,3,25,3,2,13,2,3,0,4,7
1210,96,309,3,24,4,3,20,2,5,1,7,7
1211,58,172,73,93,95,78,34,2,2,4,10,1
1212,12,625,38,242,50,34,76,2,7,11,11,4
1213,78,972,59,913,25,19,59,1,5,9,6,3
1214,64,157,6,39,6,13,75,5,4,1,5,6
1215,26,48,9,45,3,15,20,4,2,1,4,6
1216,8,279,83,88,32,14,34,1,4,2,10,3
1217,49,132,0,16,0,0,4,5,3,1,4,9
1218,56,919,0,505,99,30,45,1,4,9,10,2
1219,55,62,0,22,3,1,26,2,2,2,2,7
1220,25,1,45,3,4,6,42,3,3,1,3,8
1221,50,2,6,4,3,1,9,1,1,0,2,8
1222,84,408,61,109,48,122,41,1,5,7,9,4
1223,30,51,1,7,2,1,25,2,2,1,2,8
1224,81,62,1,16,3,2,6,4,2,1,4,5
1225,74,952,12,180,47,12,12,2,5,4,9,3
1226,76,618,15,106,20,7,45,1,11,2,8,6
1227,36,11,7,12,2,2,27,2,2,1,2,5
1228,64,318,3,17,4,7,56,5,4,1,8,4
1229,62,56,0,14,0,0,2,3,3,0,3,7
1230,53,110,5,59,7,1,7,5,5,0,4,8
1231,86,23,0,11,2,1,3,1,1,0,3,5
1232,15,27,5,8,8,3,12,3,3,0,4,4
1233,67,18,3,19,3,3,6,2,2,0,3,8
1234,47,18,0,9,0,1,11,1,1,0,3,6
1235,47,303,0,280,60,147,15,4,8,2,11,6
1236,81,97,1,19,2,0,11,1,2,1,4,3
1237,98,997,15,414,99,30,76,1,5,6,12,2
1238,56,5,4,13,8,0,4,1,1,0,3,8
1239,48,95,11,35,0,4,7,4,2,1,5,6
1240,18,1,6,2,3,6,3,1,1,0,3,7
1241,74,46,1,12,3,0,9,2,2,0,3,4
1242,68,411,106,147,54,115,66,1,5,10,7,1
1243,36,244,51,270,101,0,45,1,1,3,5,1
1244,90,152,9,121,12,12,45,4,6,2,4,8
1245,65,1,1,3,1,1,1,15,0,0,0,20
1246,63,10,17,18,8,26,40,4,3,2,2,9
1247,82,12,0,5,0,0,4,1,0,1,2,5
1248,63,5,0,4,0,0,1,1,1,0,2,8
1249,55,790,19,133,12,0,19,3,8,3,13,6
1250,64,882,29,514,38,29,44,1,4,2,6,3
1251,51,615,28,259,12,48,30,4,6,5,13,4
1252,97,1004,59,265,115,59,27,2,11,10,11,6
1253,92,133,27,421,13,195,71,2,7,3,5,4
1254,51,595,23,123,10,23,154,2,8,9,4,6
1255,72,293,0,87,4,11,23,4,7,2,5,7
1256,39,313,15,47,20,0,192,2,7,4,3,6
1257,49,151,81,86,168,91,64,2,4,2,11,2
1258,21,15,0,2,0,0,6,1,1,0,2,6
1259,91,736,63,946,219,189,126,1,4,7,11,2
1260,37,15,0,8,4,2,20,2,1,1,2,5
1261,98,982,17,672,23,34,51,1,6,2,8,2
1262,85,1142,51,415,90,69,37,1,7,8,11,3
1263,40,28,0,11,0,0,9,3,2,0,3,8
1264,2,46,0,12,0,2,23,2,2,1,2,7
1265,78,897,161,430,186,161,27,0,4,7,6,1
1266,41,489,6,152,8,6,132,10,9,4,6,8
1267,94,25,4,9,6,8,32,3,2,1,3,7
1268,10,145,1,33,2,1,1,1,4,1,4,6
1269,73,630,26,611,44,18,54,1,6,6,6,2
1270,22,760,38,104,50,9,38,2,7,3,4,4
1271,30,420,15,186,151,38,15,3,5,3,13,3
1272,21,125,17,52,3,19,30,4,5,1,4,8
1273,51,464,5,64,7,0,70,8,9,1,7,8
1274,97,6,6,29,12,15,8,3,2,1,3,8
1275,56,1090,12,96,16,12,60,4,3,4,11,8
1276,4,3,2,11,2,2,10,1,1,0,2,6
1277,77,24,0,27,8,30,10,2,3,0,3,7
1278,95,737,21,106,55,63,210,0,6,7,9,3
1279,36,254,6,71,4,0,27,5,5,1,7,5
1280,13,817,185,687,145,55,241,1,4,6,8,2
1281,90,620,54,239,99,98,119,2,9,7,10,7
1282,49,13,4,20,0,0,1,2,1,0,3,9
1283,18,113,61,204,34,26,47,2,7,1,7,8
1284,89,7,23,78,133,49,144,2,4,2,5,7
1285,43,16,2,18,2,1,5,1,1,0,3,7
1286,82,462,0,24,6,0,4,2,9,2,5,7
1287,84,22,2,10,6,4,34,2,1,2,2,4
1288,80,968,147,842,137,42,210,1,5,7,10,2
1289,68,283,112,151,51,72,125,2,7,2,10,6
1290,12,1,2,5,6,0,3,1,1,0,2,7
1291,75,14,1,7,2,1,1,1,2,0,2,9
1292,10,30,5,24,6,3,8,2,2,0,4,5
1293,91,4,0,5,0,1,5,1,1,0,2,7
1294,21,52,0,9,0,0,1,2,1,0,4,4
1295,28,62,1,57,19,11,48,2,2,1,5,2
1296,97,20,2,14,3,0,10,1,2,0,2,9
1297,49,545,7,114,37,21,78,5,7,2,11,5
1298,14,558,79,622,207,175,95,1,4,6,4,1
1299,5,6,5,4,13,4,25,4,2,1,3,6
1300,37,39,1,9,2,0,8,0,1,0,1,1
1301,62,1111,24,790,160,45,172,0,5,8,5,2
1302,83,4,6,8,6,3,10,1,2,0,3,7
1303,48,183,5,65,3,5,49,5,5,2,4,9
1304,94,546,72,376,94,145,72,1,5,5,8,3
1305,61,606,7,155,10,0,54,5,10,3,8,7
1306,70,266,6,51,8,6,64,6,7,1,5,8
1307,43,1142,29,249,38,29,14,1,5,5,12,2
1308,23,1074,0,69,0,0,46,1,10,4,13,6
1309,37,771,51,154,54,10,154,7,11,2,12,6
1310,50,371,32,189,0,58,6,2,5,4,10,4
1311,78,556,14,717,210,0,43,1,7,5,10,4
1312,74,202,5,74,11,5,14,3,6,1,5,7
1313,14,209,162,209,41,162,37,5,4,7,10,2
1314,77,35,40,111,36,40,12,3,3,1,7,4
1315,39,37,0,17,0,0,3,3,3,0,3,9
1316,89,171,45,73,59,10,90,4,3,2,8,4
1317,62,12,2,20,3,2,5,1,1,0,3,7
1318,59,44,4,21,6,0,27,2,3,0,3,7
1319,68,20,2,9,4,6,20,1,1,1,2,4
1320,13,779,86,537,34,69,138,1,5,9,12,3
1321,37,170,6,97,24,12,88,3,6,1,5,6
1322,36,491,48,231,112,105,134,2,5,7,12,1
1323,28,173,8,107,7,2,176,4,7,2,3,9
1324,2,7,10,13,16,0,4,2,3,0,3,8
1325,17,1205,0,235,19,14,205,6,6,3,13,7
1326,86,10,7,25,6,3,7,1,3,0,3,7
1327,54,97,4,44,6,1,18,1,3,1,4,5
1328,2,67,11,26,4,3,262,0,1,0,1,17
1329,3,345,53,528,98,75,97,1,8,3,5,4
1330,84,6,5,17,3,24,46,2,2,2,2,7
1331,8,73,57,100,71,15,0,5,6,1,5,9
1332,4,711,36,217,172,96,168,3,7,4,7,4
1333,57,774,70,118,182,187,93,1,4,9,13,1
1334,24,163,0,480,0,126,75,1,6,5,8,9
1335,51,82,33,54,71,30,41,2,5,2,4,5
1336,29,358,108,413,141,97,32,1,2,8,6,1
1337,13,66,2,40,4,3,14,1,3,1,3,6
1338,23,13,6,7,0,3,3,1,1,0,3,6
1339,36,139,13,78,20,13,36,3,7,1,3,9
1340,88,274,0,21,4,6,15,1,5,1,6,6
1341,2,262,6,61,0,10,102,3,5,2,6,5
1342,3,1099,0,45,0,0,34,11,3,4,10,8
1343,15,32,0,8,23,4,18,1,1,0,4,6
1344,58,2,4,2,0,11,5,1,1,0,2,9
1345,11,6,10,21,19,14,42,2,2,1,3,6
1346,27,6,7,4,3,4,6,1,1,0,3,6
1347,32,135,46,92,65,61,11,2,5,2,7,5
1348,12,641,7,84,0,30,38,3,10,4,7,6
1349,88,714,76,395,116,0,12,1,4,6,9,1
1350,91,794,73,573,0,29,14,1,4,8,10,2
1351,12,420,0,452,182,64,140,1,6,6,4,2
1352,21,1,2,7,4,3,11,1,0,1,2,8
1353,23,86,12,75,33,15,6,1,4,1,5,4
1354,10,823,25,459,124,29,95,1,6,6,7,4
1355,35,231,161,215,171,30,53,2,8,2,11,5
1356,69,8,15,27,0,20,33,2,3,1,2,8
1357,68,182,17,259,77,70,29,1,6,2,10,4
1358,85,557,129,984,193,37,18,1,5,8,5,2
1359,34,79,1,31,4,4,12,3,2,1,4,6
1360,55,368,24,68,38,0,88,6,8,2,6,7
1361,10,6,4,14,8,8,22,2,2,1,2,8
1362,30,160,15,196,15,11,50,8,6,1,7,8
1363,36,488,21,238,56,108,28,1,8,7,11,6
1364,14,691,7,69,0,7,23,4,2,2,7,8
1365,79,543,10,205,160,143,82,1,6,3,6,3
1366,52,254,7,108,20,0,26,3,6,3,5,6
1367,97,5,4,10,2,2,7,1,1,0,3,8
1368,24,112,19,21,16,14,5,3,4,1,4,7
1369,0,134,11,59,15,2,30,1,3,2,5,2
1370,96,143,6,52,11,8,17,2,4,1,5,5
1371,89,51,4,24,4,7,1,2,2,0,4,6
1372,94,27,0,5,0,0,3,2,1,0,3,8
1373,98,459,0,24,6,0,4,6,4,5,7,6
1374,72,689,8,167,11,8,88,5,8,4,11,6
1375,1,283,10,38,0,13,27,4,7,2,4,8
1376,26,347,0,35,4,3,7,6,4,2,8,5
1377,5,5,13,14,0,5,31,2,2,1,2,6
1378,22,280,0,18,0,0,24,3,5,1,6,7
1379,39,187,5,65,26,20,14,2,4,2,6,5
1380,56,95,14,64,2,9,38,1,4,2,3,7
1381,74,84,10,34,11,10,28,4,3,1,4,6
1382,87,19,4,12,2,2,6,1,1,0,3,5
1383,49,5,1,9,2,0,4,1,1,0,2,7
1384,24,18,3,17,3,0,4,1,2,0,3,9
1385,9,992,24,694,51,19,119,0,5,10,5,1
1386,17,25,1,13,0,0,3,1,1,0,3,7
1387,10,9,1,7,0,3,2,2,1,0,3,7
1388,35,19,1,17,2,0,2,1,1,0,3,8
1389,56,709,93,374,104,80,80,1,8,6,6,3
1390,7,158,0,76,13,7,71,6,4,4,3,5
1391,51,10,14,29,4,2,36,3,2,1,4,4
1392,17,25,1,13,0,0,3,1,1,0,3,7
1393,30,8,4,12,15,4,29,2,1,1,2,4
1394,21,14,0,6,0,0,0,2,2,0,3,5
1395,2,622,7,115,30,0,15,2,6,3,12,5
1396,85,11,0,3,0,0,1,1,1,0,2,6
1397,65,25,3,16,8,5,2,2,2,1,3,6
1398,64,635,15,100,20,7,131,1,9,3,9,6
1399,11,100,64,79,65,0,109,2,6,2,4,7
1400,92,201,2,43,3,5,35,4,5,1,5,6
1401,54,642,14,49,0,7,57,1,9,2,9,5
1402,4,97,1,41,6,2,41,2,4,1,3,7
1403,53,204,5,39,17,0,89,3,5,2,4,8
1404,39,513,7,133,46,14,14,6,8,4,8,8
1405,49,88,3,21,4,1,29,4,3,0,4,9
1406,70,172,12,112,8,0,15,4,6,1,5,7
1407,40,329,35,222,130,35,43,2,7,5,8,4
1408,40,296,13,104,11,13,17,3,4,2,9,3
1409,43,100,2,16,2,1,31,4,3,2,2,9
1410,17,422,7,238,69,46,15,1,7,2,12,4
1411,40,1218,16,272,104,0,80,2,5,3,6,6
1412,84,5,1,7,2,1,4,1,1,0,2,7
1413,25,507,93,520,242,40,26,1,5,10,5,1
1414,62,52,12,50,4,36,55,3,5,0,3,9
1415,83,191,56,139,51,8,100,4,4,3,8,4
1416,47,2,23,11,8,6,46,1,2,1,2,8
1417,45,68,28,39,16,30,41,1,2,2,5,2
1418,34,20,4,10,6,4,17,2,2,0,3,6
1419,3,20,3,16,0,4,1,3,2,0,4,6
1420,1,7,0,1,0,0,0,1,1,0,2,6
1421,18,279,172,74,38,8,246,1,2,10,10,1
1422,45,977,12,253,16,12,101,4,4,3,12,8
1423,81,30,1,8,0,0,3,1,1,0,3,7
1424,77,6,1,7,23,4,19,1,1,1,2,8
1425,23,3,18,26,11,8,12,3,2,0,4,7
1426,48,14,0,2,0,0,7,1,1,0,2,8
1427,61,10,1,7,0,0,1,1,1,0,2,8
1428,60,7,10,17,8,6,13,2,2,0,3,7
1429,75,33,87,64,175,16,74,1,6,1,6,7
1430,64,12,0,13,2,0,10,1,1,0,3,7
1431,54,2,3,10,11,2,10,1,1,0,3,6
1432,84,693,21,118,110,147,42,1,6,5,11,2
1433,75,9,3,15,2,3,2,2,2,0,3,6
1434,16,129,26,67,3,67,2,5,6,1,5,7
1435,79,16,2,11,3,0,16,2,1,1,2,8
1436,92,201,2,43,3,5,35,4,5,1,5,6
1437,16,5,4,5,4,2,10,1,0,1,2,7
1438,96,14,36,11,3,26,35,1,1,1,4,2
1439,30,29,12,59,19,1,36,2,3,0,4,8
1440,60,26,2,19,10,5,8,3,2,1,3,8
1441,11,9,1,4,3,2,3,1,1,0,2,6
1442,75,14,0,23,4,5,19,3,3,0,3,9
1443,36,972,19,595,180,26,138,3,3,7,10,3
1444,71,966,168,672,246,105,126,1,7,5,10,4
1445,88,99,27,102,28,48,6,1,2,2,8,1
1446,93,482,35,553,72,160,17,1,4,4,9,2
1447,93,714,8,99,11,0,47,4,10,7,5,8
1448,54,587,54,348,71,54,130,1,4,4,8,2
1449,41,399,27,159,58,8,39,4,4,4,5,2
1450,46,56,10,92,19,7,25,3,3,2,4,5
1451,28,227,151,573,98,54,31,1,3,4,9,1
1452,40,703,102,601,0,58,43,1,3,11,8,1
1453,82,37,0,17,0,0,3,1,2,0,3,7
1454,38,167,13,180,86,13,70,2,7,3,5,8
1455,3,458,81,356,106,50,40,1,4,4,7,2
1456,87,91,3,52,2,1,31,3,4,0,4,8
1457,49,15,8,16,11,5,22,4,2,0,4,6
1458,16,1302,68,731,89,114,45,0,6,7,12,2
1459,65,153,64,123,116,64,14,2,5,2,9,6
1460,9,508,5,21,7,5,10,4,7,3,7,5
1461,24,290,59,177,77,5,29,7,4,6,8,3
1462,25,38,0,2,0,0,6,1,1,0,3,7
1463,43,2,13,6,7,5,11,3,3,0,3,7
1464,10,30,0,10,2,0,5,1,1,0,3,7
1465,29,386,23,95,54,41,196,4,2,11,5,2
1466,45,443,10,75,0,10,48,4,8,1,8,8
1467,57,901,31,345,75,31,191,1,4,4,11,1
1468,20,9,0,3,0,0,1,1,0,0,3,3
1469,29,846,84,352,91,56,42,4,9,4,8,5
1470,82,8,3,9,19,4,22,3,1,1,3,6
1471,68,72,7,58,13,1,24,4,4,1,3,8
1472,65,29,0,5,0,1,5,1,1,0,3,5
1473,99,169,24,553,188,0,144,1,8,5,4,7
1474,9,460,35,422,33,12,153,2,6,6,7,4
1475,20,69,8,26,12,7,12,2,3,0,4,7
1476,78,556,14,717,210,0,43,1,7,5,10,4
1477,26,73,0,13,0,1,0,1,2,1,3,3
1478,68,112,1,54,7,7,36,1,3,2,4,3
1479,79,944,0,60,0,0,30,2,7,5,13,5
1480,25,265,199,303,234,9,170,7,10,2,12,7
1481,83,526,28,135,10,21,99,3,5,3,12,5
1482,32,2,3,12,3,5,7,1,1,0,3,8
1483,49,2,4,9,10,5,16,2,1,0,3,7
1484,50,378,97,259,197,194,34,2,7,3,6,4
1485,84,553,25,142,65,67,8,3,6,3,13,4
1486,96,751,127,687,20,15,31,1,4,6,4,2
1487,56,406,0,30,0,0,8,7,8,2,5,7
1488,85,1449,89,161,69,35,107,2,11,8,8,6
1489,63,123,17,171,39,0,30,5,6,2,5,6
1490,17,267,42,309,55,42,21,10,7,4,9,5
1491,11,209,0,40,3,2,15,4,6,1,4,8
1492,62,1259,172,815,97,148,33,1,7,11,10,4
1493,48,344,35,178,15,23,17,7,7,2,9,6
1494,86,22,3,30,0,5,15,2,2,0,4,6
1495,73,247,161,295,210,85,47,2,4,7,13,2
1496,36,38,0,12,3,1,1,1,2,0,3,7
1497,34,896,10,101,13,10,34,6,4,2,9,9
1498,16,931,56,253,91,98,14,4,9,5,7,5
1499,48,758,12,385,33,89,89,1,9,7,13,4
1500,61,216,9,57,20,9,125,7,4,3,5,5
1501,54,2,3,10,11,2,10,1,1,0,3,6
1502,56,244,15,108,4,15,50,6,7,1,6,8
1503,74,539,6,91,8,6,97,13,8,2,9,8
1504,35,1181,26,120,17,13,39,2,5,10,5,8
1505,65,750,8,125,11,8,26,1,4,3,6,2
1506,48,306,5,109,21,109,92,9,5,2,10,6
1507,88,350,104,189,197,151,57,6,11,8,5,8
1508,19,331,197,170,58,152,35,1,2,8,13,1
1509,21,620,16,165,0,24,82,5,5,5,12,5
1510,27,434,137,400,45,137,45,1,3,4,10,1
1511,86,57,0,27,0,0,36,4,3,2,2,8
1512,92,811,76,428,99,137,107,3,10,4,9,7
1513,1,423,42,706,73,197,197,1,4,8,9,2
1514,14,2,12,10,6,13,30,1,3,1,2,8
1515,74,60,51,87,6,20,51,2,4,2,4,5
1516,84,675,0,85,10,7,77,5,10,3,8,8
1517,4,30,8,12,8,8,12,1,2,0,4,5
1518,50,40,1,40,4,3,18,1,3,0,3,8
1519,2,3,17,26,20,1,39,2,2,0,3,9
1520,73,910,111,724,49,74,55,1,10,2,6,3
1521,21,252,98,827,219,70,196,1,4,5,12,3
1522,82,34,6,21,11,4,8,1,2,1,3,6
1523,14,19,3,19,3,1,3,2,2,0,3,7
1524,56,2,1,1,0,0,1,0,0,0,0,14
1525,20,490,0,184,10,28,21,12,7,4,9,7
1526,54,332,194,377,149,125,57,0,4,6,7,1
1527,77,53,8,17,13,0,21,3,2,2,2,7
1528,5,784,48,560,42,176,48,1,4,6,4,3
1529,65,7,11,3,10,4,20,2,1,1,3,5
1530,33,1171,43,219,19,14,47,4,6,3,13,9
1531,65,215,7,33,3,0,13,6,5,1,5,7
1532,41,674,62,134,0,26,8,4,7,3,13,5
1533,86,57,0,27,0,0,36,4,3,2,2,8
1534,92,5,36,7,0,10,45,2,3,0,3,8
1535,97,104,20,101,24,15,5,6,5,1,5,9
1536,91,9,0,7,2,0,4,1,1,1,2,8
1537,0,431,82,441,80,20,102,1,3,6,6,1
1538,59,1000,0,76,0,0,10,3,3,4,9,8
1539,4,448,40,469,80,0,91,3,11,2,12,7
1540,5,33,4,24,4,2,5,2,3,0,4,7
1541,48,505,72,270,36,27,54,4,9,2,12,5
1542,99,267,38,701,149,165,63,1,5,4,10,3
1543,81,14,0,3,0,0,1,1,0,0,3,5
1544,95,631,0,115,10,7,30,3,9,2,10,7
1545,43,65,4,16,0,4,11,1,3,0,3,8
1546,5,10,12,12,25,1,20,1,2,0,3,6
1547,50,51,4,50,12,1,49,1,4,0,3,8
1548,76,293,35,179,46,59,65,2,8,3,7,7
1549,46,11,1,2,2,1,6,1,0,0,3,6
1550,68,50,1,27,6,7,1,1,1,1,4,1
1551,33,173,26,255,35,71,81,1,4,4,7,1
1552,50,423,184,368,13,97,21,1,6,4,6,5
1553,85,292,30,415,63,33,200,1,4,5,4,2
1554,63,757,80,217,29,80,11,5,9,6,12,6
1555,89,12,1,6,0,1,5,2,1,0,3,7
1556,81,167,2,44,6,2,19,7,4,2,4,8
1557,77,3,1,3,8,0,5,1,1,0,2,7
1558,50,30,5,22,8,9,28,4,2,1,4,6
1559,10,532,88,168,69,44,133,3,7,3,13,5
1560,30,29,12,59,19,1,36,2,3,0,4,8
1561,66,411,0,26,0,0,21,6,7,1,7,7
1562,16,5,3,4,4,1,0,1,1,0,2,8
1563,12,71,99,278,185,121,38,1,5,10,5,1
1564,30,46,0,40,3,0,3,2,3,0,3,8
1565,8,268,11,88,15,3,22,2,6,3,5,5
1566,93,928,63,254,0,12,12,4,5,4,10,4
1567,14,459,15,171,142,23,31,2,5,4,12,2
1568,53,483,0,108,0,6,36,5,11,1,6,9
1569,26,733,9,180,12,19,66,11,6,3,5,4
1570,23,1006,22,115,59,68,45,1,7,6,12,3
1571,92,34,1,14,0,0,5,3,2,0,3,8
1572,29,1156,120,915,94,144,96,1,3,4,10,1
1573,41,7,4,23,7,0,11,1,1,0,3,7
1574,56,244,15,108,4,15,50,6,7,1,6,8
1575,19,233,0,23,0,0,12,4,5,1,5,8
1576,4,35,3,67,10,8,24,1,3,1,3,6
1577,89,1252,0,465,46,35,0,1,4,5,8,1
1578,71,34,4,66,3,10,20,1,2,1,4,7
1579,81,255,43,134,37,14,24,1,7,2,7,7
1580,31,8,1,5,0,0,1,1,1,0,2,6
1581,53,368,32,639,13,43,10,1,4,7,5,1
1582,78,255,47,573,52,32,15,1,5,3,6,1
1583,80,33,8,10,2,10,3,2,2,1,3,4
1584,18,163,23,424,27,65,76,1,3,10,13,1
1585,37,15,0,8,4,2,20,2,1,1,2,5
1586,52,45,12,52,25,22,13,4,3,1,4,7
1587,39,48,58,68,16,66,43,1,3,2,6,2
1588,11,158,6,45,8,2,2,7,3,2,5,7
1589,33,754,160,625,63,32,48,1,7,5,12,3
1590,22,108,1,28,13,1,4,2,3,1,4,8
1591,83,199,66,315,97,174,41,1,4,3,5,2
1592,43,2,7,5,2,15,27,1,2,0,2,9
1593,74,202,5,74,11,5,14,3,6,1,5,7
1594,54,85,0,3,0,0,7,1,2,0,4,3
1595,3,322,3,50,4,3,42,5,7,1,6,8
1596,96,18,2,19,0,2,6,5,3,0,4,7
1597,68,141,8,129,3,11,47,3,7,1,4,9
1598,2,739,107,309,140,80,35,1,2,5,13,6
1599,40,18,0,6,3,3,5,1,1,1,3,2
1600,64,378,0,88,19,4,73,4,8,5,3,7
1601,26,1083,108,649,253,151,108,1,4,7,12,2
1602,69,1016,12,215,16,12,63,1,4,5,10,3
1603,57,23,1,6,0,0,2,2,1,0,3,4
1604,78,12,1,21,2,2,3,2,2,0,3,7
1605,71,35,0,4,0,0,0,1,2,0,2,8
1606,59,548,31,422,0,112,28,4,5,5,11,3
1607,28,342,32,230,34,32,40,5,10,5,4,9
1608,61,365,3,15,4,3,11,5,7,2,5,6
1609,22,397,19,69,12,0,9,1,4,4,8,2
1610,95,456,19,832,75,118,38,1,4,5,11,3
1611,38,5,6,15,11,7,13,1,2,0,3,9
1612,19,836,185,575,24,25,77,1,6,3,9,4
1613,92,100,2,128,23,7,10,4,5,1,5,8
1614,24,10,0,10,3,1,7,2,1,1,2,8
1615,21,238,115,215,169,69,76,3,5,3,13,4
1616,35,6,0,5,2,1,2,1,1,0,2,7
1617,9,158,11,99,15,11,17,2,3,2,7,3
1618,23,86,12,75,33,15,6,1,4,1,5,4
1619,92,856,0,76,12,9,199,7,9,6,9,8
1620,55,98,1,17,0,1,5,1,3,0,4,7
1621,14,4,16,20,0,17,20,3,2,0,4,8
1622,78,398,96,447,220,96,32,1,5,7,6,3
1623,64,313,8,104,6,4,126,9,8,1,6,9
1624,49,109,18,16,24,26,18,4,3,1,5,4
1625,8,216,2,6,0,0,9,2,5,1,4,7
1626,35,595,71,153,120,112,41,6,3,2,10,9
1627,11,123,133,142,71,44,88,1,6,2,8,6
1628,8,16,0,23,3,2,10,3,4,1,2,7
1629,53,11,12,35,3,5,12,1,3,0,3,7
1630,36,410,112,420,0,82,71,1,9,3,13,4
1631,64,159,2,51,6,2,24,3,4,1,5,5
1632,43,105,0,10,0,1,0,2,2,1,4,5
1633,40,5,1,8,0,0,1,1,1,0,2,8
1634,52,269,15,69,15,19,38,2,4,6,4,5
1635,11,629,0,70,0,0,35,6,11,2,7,8
1636,21,443,5,71,21,16,82,2,8,2,7,7
1637,23,217,77,373,111,23,93,1,3,6,12,1
1638,17,24,1,10,2,0,4,2,2,0,3,5
1639,6,9,1,5,4,5,7,1,1,0,3,7
1640,56,8,0,14,2,3,7,1,1,0,3,5
1641,71,1459,0,61,0,15,215,5,2,5,6,5
1642,51,230,48,214,13,32,75,8,9,1,7,9
1643,94,1,3,6,10,0,9,1,1,0,3,5
1644,27,340,21,134,258,14,56,1,7,5,8,4
1645,1,7,1,6,0,3,3,1,0,0,3,4
1646,56,298,7,68,4,0,19,2,6,2,6,6
1647,71,479,35,179,28,7,85,1,5,3,12,2
1648,18,267,140,599,34,12,127,1,7,5,7,6
1649,48,67,4,32,17,2,16,3,2,1,4,4
1650,86,3,1,8,23,2,18,3,2,1,3,3
1651,48,980,37,265,35,163,31,1,3,6,12,6
1652,2,50,4,28,6,3,26,3,3,1,2,9
1653,13,1,0,1725,2,1,1,0,0,28,0,1
1654,57,19,0,5,0,0,8,2,1,0,3,6
1655,77,30,5,23,4,1,4,1,2,0,3,7
1656,0,213,9,76,4,3,30,3,5,2,5,7
1657,57,539,30,92,80,46,38,1,5,3,13,3
1658,24,284,16,160,84,16,134,6,7,4,6,6
1659,55,1003,34,536,134,51,34,1,4,6,6,2
1660,62,239,13,143,45,4,52,9,6,2,7,6
1661,89,51,23,82,33,0,42,4,5,1,3,9
1662,77,527,24,230,32,24,65,2,6,4,12,4
1663,45,19,5,12,10,3,19,3,3,1,2,6
1664,46,40,2,15,8,0,6,1,1,1,3,4
1665,80,21,8,20,15,3,9,1,2,0,3,7
1666,60,593,30,91,29,22,7,1,6,3,12,4
1667,71,21,5,3,10,1,7,3,1,1,4,2
1668,43,1181,107,199,39,30,30,2,7,3,13,8
1669,97,1004,59,265,115,59,27,2,11,10,11,6
1670,49,202,2,46,3,2,10,2,4,2,5,7
1671,66,446,107,768,33,196,53,1,5,6,6,2
1672,20,1184,102,673,52,40,40,1,7,4,10,6
1673,54,390,22,323,104,35,107,1,6,8,6,3
1674,61,726,53,363,123,107,161,4,8,9,13,5
1675,18,8,8,22,24,11,9,1,1,1,4,4
1676,45,50,15,110,39,15,15,4,5,1,4,8
1677,26,1,1,4,11,9,10,1,1,0,3,8
1678,0,308,0,73,0,0,23,2,5,1,8,7
1679,28,22,2,31,7,4,5,1,2,0,3,7
1680,49,690,117,499,76,102,88,1,5,10,7,3
1681,84,43,5,28,7,6,33,4,3,1,3,5
1682,38,27,0,10,0,0,4,4,2,0,4,5
1683,53,6,0,3,0,0,1,1,0,0,3,3
1684,88,205,7,41,3,2,46,2,4,2,5,5
1685,99,24,0,8,0,1,4,1,1,0,3,5
1686,12,667,50,850,21,83,83,1,4,6,5,2
1687,35,691,7,61,10,0,46,4,10,4,7,8
1688,5,493,26,206,116,80,80,4,8,3,12,6
1689,77,493,70,324,146,40,84,1,3,7,11,1
1690,45,494,5,82,7,0,100,3,7,2,9,7
1691,71,621,73,414,78,48,85,1,8,4,6,5
1692,40,9,0,5,0,0,7,1,1,0,2,8
1693,82,1,6,2,8,2,12,1,1,0,2,7
1694,70,12,4,19,12,6,14,1,2,0,3,8
1695,87,243,131,217,85,6,26,2,3,3,13,2
1696,95,11,1,4,2,0,7,1,1,0,2,7
1697,72,532,21,127,26,20,20,0,4,2,5,1
1698,5,29,0,2,0,0,1,1,1,0,3,7
1699,86,612,91,520,258,107,107,2,9,6,8,5
1700,80,387,126,342,0,45,180,5,8,4,11,6
1701,62,56,0,14,0,0,2,3,3,0,3,7
1702,49,6,8,19,16,4,4,3,3,0,4,7
1703,85,582,0,65,0,0,13,6,8,2,9,5
1704,7,6,17,16,6,16,42,4,3,1,3,8
1705,6,70,6,69,2,3,3,3,3,1,4,7
1706,25,962,12,194,16,24,12,4,7,8,13,6
1707,55,112,10,107,30,0,20,2,5,2,4,7
1708,81,293,0,124,179,97,52,1,7,2,10,5
1709,98,199,12,31,3,12,7,1,3,3,5,3
1710,31,1060,61,835,80,20,101,1,4,7,10,1
1711,30,940,44,396,0,88,58,1,8,7,7,4
1712,98,44,2,11,2,3,7,1,1,0,4,5
1713,92,342,51,936,207,35,26,1,5,8,12,3
1714,41,2,10,11,12,9,20,2,3,0,3,6
1715,68,75,12,141,43,39,187,6,6,1,5,8
1716,78,520,20,367,39,81,40,2,6,3,6,5
1717,46,5,3,9,6,2,6,2,2,0,3,7
1718,71,87,5,71,7,12,29,5,4,1,4,7
1719,6,462,61,184,10,53,107,4,7,5,9,6
1720,82,2,2,1,3,1,2,1,1,0,2,8
1721,71,979,44,935,29,25,22,1,7,5,12,3
1722,32,704,129,853,120,74,111,1,5,6,7,2
1723,28,861,31,558,62,95,79,0,6,5,13,2
1724,20,172,3,115,16,0,18,5,6,1,5,8
1725,10,5,7,31,15,4,7,3,2,1,3,6
1726,7,194,2,56,0,0,0,5,4,1,6,8
1727,67,9,7,13,3,2,20,1,1,1,2,6
1728,48,505,72,270,36,27,54,4,9,2,12,5
1729,61,533,10,217,198,174,195,2,7,6,13,4
1730,36,48,0,14,0,0,6,2,2,0,3,6
1731,77,6,1,7,23,4,19,1,1,1,2,8
1732,90,18,2,10,0,0,25,1,1,1,2,7
1733,35,482,147,509,104,107,107,1,3,5,12,1
1734,38,204,97,97,21,118,26,1,5,2,10,4
1735,46,1073,0,250,153,14,14,4,7,10,5,5
1736,33,245,16,223,21,43,16,2,8,1,8,6
1737,70,560,21,442,29,44,29,1,4,5,13,1
1738,51,173,13,131,32,3,6,4,6,1,6,7
1739,18,22,1,11,0,5,3,1,1,0,3,8
1740,97,136,1,12,0,3,32,2,4,1,3,6
1741,32,275,0,86,10,23,66,5,6,3,5,8
1742,9,56,19,29,2,14,25,1,3,1,3,8
1743,6,303,23,751,82,26,191,1,6,5,13,4
1744,80,708,7,62,0,0,15,2,11,3,7,8
1745,74,324,132,693,27,118,88,1,4,11,7,2
1746,49,1,5,3,7,4,8,1,1,0,2,7
1747,21,620,26,195,34,17,141,1,6,4,13,2
1748,95,312,21,206,102,92,149,3,7,3,10,5
1749,56,1493,86,454,112,43,43,2,4,4,5,2
1750,48,918,21,118,13,10,21,3,8,3,5,6
1751,26,98,0,106,49,10,106,5,5,1,5,6
1752,3,3,4,7,15,8,11,1,1,0,3,7
1753,39,380,0,47,6,0,34,4,7,1,7,8
1754,33,15,0,12,7,3,7,3,2,0,3,7
1755,42,3,9,4,7,8,7,4,1,1,4,3
1756,80,24,2,23,0,8,24,3,2,1,3,6
1757,9,80,1,60,4,6,16,2,5,1,2,9
1758,52,31,0,6,2,1,5,2,1,0,4,4
1759,78,138,120,204,16,126,60,3,7,4,7,5
1760,68,166,75,96,119,107,59,3,7,2,8,4
1761,45,12,3,8,8,0,17,2,2,0,3,7
1762,47,178,3,85,71,66,58,2,3,3,8,2
1763,34,707,20,171,65,60,50,1,9,7,9,5
1764,81,5,1,7,17,14,11,2,2,1,3,6
1765,72,465,71,250,93,35,62,3,9,2,12,6
1766,23,16,1,2,0,0,1,1,1,0,3,5
1767,29,358,108,413,141,97,32,1,2,8,6,1
1768,80,1,9,7,2,14,10,1,2,0,3,6
1769,30,123,1,26,2,0,72,2,3,2,3,7
1770,15,40,3,30,10,7,11,3,3,0,3,9
1771,86,102,9,63,2,9,24,1,4,1,4,6
1772,68,347,44,534,17,0,26,1,3,5,12,2
1773,54,376,53,462,168,53,53,1,2,7,7,0
1774,44,21,0,3,0,0,0,1,1,0,3,6
1775,7,194,2,56,0,0,0,5,4,1,6,8
1776,87,64,4,68,7,5,17,4,3,1,4,8
1777,59,206,0,46,3,2,12,2,5,1,5,8
1778,16,71,0,18,0,0,13,1,3,1,2,7
1779,1,71,22,112,138,89,29,1,2,3,13,1
1780,64,0,4,7,11,10,15,2,2,0,3,6
1781,72,93,1,21,0,4,25,3,2,1,4,5
1782,98,920,138,168,36,46,30,1,9,4,10,6
1783,91,653,17,170,34,26,17,2,11,2,10,7
1784,8,199,33,60,8,3,15,5,5,2,5,8
1785,20,153,4,56,0,9,31,4,5,1,4,8
1786,6,376,0,38,11,8,69,5,6,3,6,6
1787,54,46,0,30,12,1,30,1,2,0,4,6
1788,72,600,21,128,223,150,128,13,2,2,12,8
1789,46,425,115,292,23,35,79,1,6,6,11,3
1790,11,18,6,15,12,8,17,3,2,1,3,5
1791,21,52,0,9,0,0,1,2,1,0,4,4
1792,89,734,22,350,151,25,100,1,3,9,13,1
1793,82,34,6,21,11,4,8,1,2,1,3,6
1794,69,135,1,41,10,1,67,5,3,3,3,6
1795,55,11,0,10,0,2,20,1,1,1,2,6
1796,13,163,48,90,0,45,52,1,3,2,8,3
1797,80,29,3,30,3,2,9,2,3,0,3,6
1798,97,734,26,70,11,44,17,2,6,3,4,4
1799,27,340,21,134,258,14,56,1,7,5,8,4
1800,99,453,38,279,188,38,183,2,7,7,10,3
1801,87,1073,0,629,145,37,37,1,10,5,13,6
1802,85,135,0,10,0,4,36,2,3,1,4,5
1803,30,231,7,137,4,15,39,9,5,1,8,7
1804,82,18,0,5,0,0,11,2,1,1,2,7
1805,21,620,16,165,0,24,82,5,5,5,12,5
1806,92,81,4,33,5,2,291,0,23,1,1,0
1807,95,12,4,2,10,6,10,4,2,0,4,5
1808,2,292,51,981,224,23,17,1,4,6,6,1
1809,74,965,34,586,89,86,37,1,3,5,8,3
1810,49,27,2,10,0,0,1,2,1,0,3,8
1811,71,777,30,163,0,51,122,6,4,4,7,9
1812,72,572,8,232,23,62,17,1,4,3,6,1
1813,68,438,169,565,91,169,70,1,2,3,6,7
1814,4,531,69,300,150,138,150,3,5,4,8,2
1815,80,17,0,9,0,0,1,1,1,0,3,9
1816,15,402,35,106,101,77,42,2,9,2,9,5
1817,70,503,27,419,90,139,153,1,5,7,9,7
1818,91,369,9,87,12,14,34,3,6,2,8,5
1819,10,5,0,3,0,0,1,1,1,0,2,7
1820,99,362,17,398,80,35,61,3,5,3,5,4
1821,25,56,0,9,0,0,3,2,2,0,3,7
1822,34,79,1,31,4,4,12,3,2,1,4,6
1823,57,387,84,141,73,35,162,3,4,4,12,2
1824,84,367,17,241,104,188,232,2,9,5,9,7
1825,51,15,0,11,0,2,9,1,1,1,2,8
1826,97,267,6,54,8,3,50,2,5,2,6,5
1827,13,298,27,697,216,24,166,1,4,6,5,2
1828,92,674,92,736,39,0,92,1,3,11,9,1
1829,30,16,14,36,37,22,48,3,4,1,2,9
1830,30,37,4,24,16,9,9,2,4,0,3,9
1831,11,159,0,22,2,1,31,3,4,1,4,7
1832,72,686,17,142,23,26,35,8,6,4,13,6
1833,39,97,3,66,12,7,34,3,4,1,4,7
1834,0,63,6,57,13,13,22,4,2,1,5,4
1835,15,56,5,24,4,0,3,3,2,1,3,5
1836,12,209,19,456,160,142,66,1,2,9,13,1
1837,56,198,2,43,0,12,20,3,4,1,6,6
1838,39,313,15,47,20,0,192,2,7,4,3,6
1839,55,941,14,397,76,58,176,11,8,5,9,6
1840,60,86,4,56,2,4,7,3,4,0,4,9
1841,73,167,48,602,63,72,72,1,3,10,4,2
1842,90,8,3,19,0,2,3,2,2,0,3,6
1843,86,389,66,408,37,57,85,1,4,4,6,2
1844,37,239,7,119,4,15,11,5,6,2,6,7
1845,7,179,21,273,0,21,63,1,6,10,6,5
1846,29,5,0,1,1,1,1,15,0,0,0,19
1847,19,2,6,28,13,4,16,1,2,0,3,7
1848,14,383,0,53,6,4,40,3,8,1,6,6
1849,72,2,8,8,6,1,9,2,1,0,3,8
1850,56,536,27,590,38,107,67,1,5,10,12,6
1851,85,2,1,4,3,1,2,1,1,0,2,8
1852,62,322,53,899,34,40,53,1,4,6,10,2
1853,1,539,169,816,20,0,30,1,4,5,4,3
1854,28,712,50,420,65,38,38,1,8,4,7,4
1855,70,1121,0,72,0,12,12,4,10,8,10,6
1856,84,68,1,13,3,5,13,1,2,0,4,6
1857,89,36,4,18,6,2,18,1,2,0,4,7
1858,73,707,44,603,95,58,29,1,2,8,12,1
1859,42,174,77,203,6,24,97,2,8,1,7,7
1860,16,666,35,124,69,8,26,1,5,3,5,3
1861,16,0,0,0,6,2,6,1,1,0,2,6
1862,56,162,50,100,55,30,27,1,4,2,8,4
1863,65,407,70,239,103,88,53,1,5,4,4,2
1864,10,823,25,459,124,29,95,1,6,6,7,4
1865,13,488,23,71,15,0,59,11,8,3,7,7
1866,78,28,0,13,4,2,8,3,2,1,3,5
1867,51,3,2,10,3,0,2,1,1,0,3,6
1868,27,284,0,52,8,3,20,4,9,0,4,10
1869,30,938,142,754,159,81,183,1,5,10,6,2
1870,71,13,2,15,2,2,8,2,2,0,3,6
1871,97,412,172,153,150,105,57,2,7,6,11,4
1872,83,31,1,8,0,0,8,2,2,0,3,6
1873,3,502,19,132,0,6,26,6,6,2,11,6
1874,71,18,10,3,3,5,0,1,1,0,3,2
1875,3,1,8,6,4,8,16,1,1,0,3,7
1876,15,100,71,243,108,94,219,3,9,1,8,9
1877,52,407,114,445,181,165,203,1,3,7,9,1
1878,8,664,9,240,50,19,57,2,7,7,10,4
1879,89,1045,61,338,60,46,46,3,5,5,13,8
1880,66,1218,107,304,23,143,33,1,5,8,4,6
1881,22,15,0,6,0,1,12,2,1,1,2,7
1882,56,128,0,16,0,1,4,2,4,0,4,7
1883,74,581,49,157,43,8,108,1,5,6,11,2
1884,48,6,3,12,6,1,0,1,1,1,3,3
1885,67,185,8,133,56,56,12,2,7,1,7,7
1886,24,22,1,9,0,0,14,1,1,1,2,4
1887,67,584,100,835,65,83,35,1,5,5,5,2
1888,38,355,30,177,90,138,30,4,9,5,7,5
1889,86,175,10,110,54,6,27,2,6,3,4,6
1890,90,864,134,768,150,38,172,1,4,10,5,3
1891,87,957,153,612,99,95,153,1,4,7,8,1
1892,62,25,6,16,20,0,5,2,2,0,3,8
1893,23,641,7,56,0,0,28,8,10,4,6,8
1894,99,273,86,208,177,14,43,1,2,3,5,1
1895,29,122,21,43,25,10,15,2,3,1,6,6
1896,52,1,4,10,29,0,36,1,1,1,2,6
1897,90,1020,31,430,62,63,79,1,4,6,4,1
1898,9,6,2,3,1,262,3,0,27,0,0,1
1899,71,378,14,68,19,14,14,2,3,5,8,3
1900,13,42,1,18,3,0,4,2,2,0,3,7
1901,16,15,5,14,0,4,11,1,1,0,3,7
1902,94,272,7,80,20,7,11,1,4,4,6,2
1903,77,9,1,24,2,1,2,3,3,0,3,6
1904,20,279,0,18,0,0,9,2,3,1,8,4
1905,51,398,61,265,138,61,53,1,3,4,6,1
1906,81,637,47,237,12,19,76,4,6,11,7,5
1907,71,45,0,16,2,1,6,1,3,0,3,7
1908,36,21,1,9,7,3,5,1,1,0,3,6
1909,95,15,4,13,0,0,19,1,1,1,2,7
1910,32,493,183,352,184,23,28,0,3,5,13,0
1911,32,957,40,175,158,53,107,2,7,8,5,5
1912,85,829,138,430,60,92,15,1,4,6,13,2
1913,93,1017,50,500,65,50,133,3,5,5,5,8
1914,24,953,0,71,0,0,174,6,10,5,10,8
1915,44,159,0,120,0,0,137,7,4,4,8,8
1916,15,32,0,8,23,4,18,1,1,0,4,6
1917,82,23,0,15,0,2,7,2,3,0,3,6
1918,27,18,42,24,15,20,18,1,2,1,4,7
1919,72,15,0,4,0,0,2,1,1,0,2,7
1920,7,23,4,5,10,5,23,1,1,0,4,3
1921,57,200,193,100,46,185,185,2,6,2,12,3
1922,84,1324,27,119,71,108,27,0,7,9,6,4
1923,53,1193,33,281,129,66,33,1,7,5,13,3
1924,48,505,137,401,104,22,22,3,11,5,11,5
1925,2,2,4,9,0,4,5,1,1,0,3,5
1926,65,1103,0,45,0,0,34,3,4,2,11,8
1927,45,353,61,753,40,46,27,1,3,3,7,2
1928,42,652,48,350,94,84,108,1,9,3,6,5
1929,29,379,6,157,25,91,91,5,9,3,7,7
1930,83,46,4,36,2,2,1,1,2,0,4,5
1931,93,162,31,127,8,17,69,2,4,2,7,3
1932,40,8,3,19,3,3,8,3,3,0,3,6
1933,47,17,3,18,3,4,18,2,3,1,2,7
1934,50,340,108,185,130,38,100,2,6,6,9,3
1935,40,8,4,15,3,5,3,2,1,0,3,7
1936,3,154,22,202,39,30,8,5,4,2,9,4
1937,62,710,15,30,20,0,0,3,11,2,8,8
1938,25,8,2,4,0,0,1,1,0,0,3,5
1939,48,2,2,4,13,13,4,1,1,0,4,4
1940,56,1050,14,322,0,14,112,1,5,11,5,2
1941,68,19,1,14,3,2,4,1,1,0,3,8
1942,64,22,0,6,6,2,6,1,1,0,3,7
1943,67,274,83,216,151,141,224,1,4,6,12,1
1944,94,68,6,38,3,6,41,2,2,2,3,7
1945,82,344,45,654,104,11,114,2,3,4,10,3
1946,3,145,193,459,205,26,145,2,3,8,7,2
1947,24,217,38,350,111,85,15,1,4,7,10,1
1948,54,18,7,34,10,2,3,3,3,0,3,8
1949,20,69,8,26,12,7,12,2,3,0,4,7
1950,96,144,0,7,0,0,6,1,3,1,4,5
1951,19,256,34,103,90,29,49,2,3,3,10,3
1952,60,483,72,567,94,12,108,1,4,4,10,1
1953,2,1285,105,653,28,21,0,1,10,4,8,8
1954,13,338,4,89,11,8,13,1,4,2,9,4
1955,37,605,10,345,84,54,32,1,1,8,7,0
1956,59,8,0,7,3,1,1,1,1,0,3,6
1957,55,172,41,86,45,6,27,5,5,3,5,7
1958,60,448,71,951,40,17,17,1,6,11,10,2
1959,48,67,4,32,17,2,16,3,2,1,4,4
1960,38,512,53,98,81,179,89,3,8,5,10,5
1961,8,1462,16,128,0,0,160,1,5,3,6,6
1962,19,20,0,14,7,3,1,3,2,0,4,3
1963,32,50,4,44,10,10,43,3,3,1,3,9
1964,27,102,1,15,2,0,24,1,3,0,4,7
1965,58,499,149,815,173,49,49,1,6,7,12,3
1966,59,381,35,172,56,86,93,2,8,2,10,5
1967,29,631,43,239,128,76,21,2,6,8,12,3
1968,60,526,80,553,123,94,53,1,3,10,7,2
1969,41,913,26,376,17,26,13,1,3,6,11,1
1970,27,673,0,199,37,47,26,2,6,3,5,4
1971,28,23,0,9,0,0,12,1,1,0,3,4
1972,8,199,33,60,8,3,15,5,5,2,5,8
1973,18,261,23,73,4,23,50,2,6,3,5,7
1974,76,111,16,37,7,9,18,3,3,1,5,3
1975,0,16,4,12,2,4,321,0,25,0,0,1
1976,32,63,151,137,153,19,53,2,4,4,8,5
1977,2,58,0,18,2,0,10,4,3,0,4,7
1978,16,29,1,17,0,3,13,1,2,1,2,8
1979,56,3,2,12,0,1,9,1,1,0,2,8
1980,97,28,34,62,11,14,44,3,4,0,4,9
1981,15,40,3,30,10,7,11,3,3,0,3,9
1982,35,879,143,797,106,143,143,0,5,7,9,1
1983,3,62,1,44,6,5,22,1,2,1,4,4
1984,49,280,7,81,20,0,27,8,6,3,5,7
1985,4,9,0,6,3,1,3,1,0,0,3,5
1986,45,182,4,33,0,2,42,6,4,1,5,7
1987,37,83,2,101,64,26,117,1,3,5,3,4
1988,39,38,15,54,3,8,29,3,3,0,4,8
1989,38,228,19,130,4,11,51,2,3,3,8,2
1990,8,1092,37,592,145,37,55,1,5,5,8,3
1991,89,85,15,27,13,13,21,2,3,1,4,7
1992,47,1276,24,746,94,29,48,0,9,7,11,3
1993,75,1017,33,417,108,100,16,1,5,5,5,5
1994,86,6,2,9,2,1,5,2,1,0,3,8
1995,4,448,21,125,52,101,62,0,7,6,8,2
1996,73,504,23,117,179,28,44,1,6,5,4,4
1997,46,226,22,133,41,31,31,3,4,3,8,4
1998,38,239,3,141,0,7,23,4,7,1,6,8
1999,73,90,38,67,33,36,67,1,4,1,6,3
2000,66,7,2,8,3,2,3,1,1,0,3,6
2001,36,4,2,5,2,0,0,1,1,0,2,6
2002,29,16,17,19,20,21,22,3,3,2,2,8
2003,29,10,3,3,0,0,0,1,0,0,3,3
2004,6,68,0,16,0,0,8,3,2,0,4,7
2005,97,35,0,13,2,0,2,2,2,0,3,8
2006,61,575,80,428,208,93,80,3,8,4,8,5
2007,68,315,0,31,4,0,91,4,5,5,3,8
2008,73,182,2,49,17,13,20,1,3,1,7,2
2009,90,561,14,113,10,14,35,3,8,2,10,5
2010,81,587,51,932,180,34,86,1,5,6,5,3
2011,1,94,1,33,13,12,12,3,4,0,4,8
2012,79,908,43,735,40,194,21,1,7,7,9,2
2013,92,228,122,122,208,129,30,6,11,2,8,9
2014,31,995,112,417,42,48,41,1,2,9,13,5
2015,46,11,1,2,2,1,6,1,0,0,3,6
2016,14,3,3,14,15,21,10,1,2,1,2,9
2017,89,12,1,16,4,1,3,3,2,0,3,8
2018,31,17,0,2,0,0,2,2,1,0,3,6
2019,75,8,0,5,0,3,6,1,0,0,3,8
2020,42,22,4,17,12,10,13,3,2,0,4,6
2021,53,14,10,29,4,7,15,1,2,0,3,6
2022,53,106,27,68,52,7,5,6,4,2,5,6
2023,23,820,57,242,45,0,11,2,8,3,6,4
2024,57,753,43,226,69,10,204,2,8,5,13,4
2025,49,13,3,17,7,3,3,2,2,0,4,5
2026,6,9,1,3,0,4,8,1,0,0,3,6
2027,29,19,3,6,4,2,12,1,1,0,3,4
2028,5,520,8,223,32,49,42,4,10,5,7,8
2029,98,5,17,17,13,14,34,4,2,1,3,9
2030,80,618,44,215,0,17,36,2,11,8,4,6
2031,4,315,35,322,46,7,143,3,7,2,11,5
2032,70,15,1,23,0,5,1,3,3,0,3,8
2033,32,384,60,364,119,101,232,4,11,6,8,7
2034,82,110,29,92,28,10,145,1,6,2,3,8
2035,27,208,17,76,36,17,38,2,3,3,7,2
2036,94,555,82,257,93,61,61,4,10,3,12,6
2037,23,240,90,216,63,6,24,4,4,4,10,3
2038,97,11,0,36,15,5,12,1,2,0,3,7
2039,25,848,154,323,201,61,78,1,10,3,10,6
2040,92,202,47,197,55,42,149,1,5,4,8,4
2041,98,433,89,650,16,102,102,10,4,6,9,7
2042,19,6,6,15,10,5,2,2,2,0,3,6
2043,80,37,0,7,3,0,3,1,2,0,3,5
2044,80,167,37,64,49,34,116,8,4,3,6,7
2045,79,45,7,99,4,25,43,3,4,1,4,6
2046,50,129,0,21,0,1,7,1,3,1,4,4
2047,60,713,0,264,120,80,34,1,7,8,12,4
2048,44,676,161,426,210,44,58,2,2,5,5,6
2049,0,450,26,535,73,98,26,1,5,6,10,1
2050,28,22,2,12,0,2,5,1,1,0,3,4
2051,35,367,4,51,6,4,95,6,7,2,6,7
2052,49,526,35,214,69,53,35,2,6,3,4,2
2053,46,51,0,16,0,0,4,2,3,0,3,8
2054,97,25,0,11,3,0,15,1,1,0,3,4
2055,51,28,6,27,12,17,39,1,3,0,3,8
2056,80,958,159,447,20,0,31,3,2,10,12,7
2057,10,532,88,168,69,44,133,3,7,3,13,5
2058,29,724,17,143,0,8,196,2,9,2,12,7
2059,52,375,42,48,94,66,96,7,4,10,4,3
2060,74,39,0,56,20,8,14,3,3,1,3,7
2061,82,23,0,15,0,2,7,2,3,0,3,6
2062,54,587,54,348,71,54,130,1,4,4,8,2
2063,93,29,1,11,0,0,0,2,2,0,3,4
2064,63,757,80,217,29,80,11,5,9,6,12,6
2065,92,544,35,133,23,151,107,2,4,5,4,2
2066,40,40,15,15,17,6,7,1,2,1,3,4
2067,70,1245,33,332,21,33,16,2,4,7,4,7
2068,96,19,1,20,16,14,28,2,3,0,4,5
2069,81,16,3,15,2,1,11,1,1,0,3,7
2070,63,376,4,94,12,9,24,3,6,2,8,5
2071,85,184,178,178,103,39,33,1,6,3,10,3
2072,51,15,0,11,0,2,9,1,1,1,2,8
2073,23,124,83,267,85,59,35,2,5,2,11,5
2074,95,627,120,414,121,80,93,1,9,6,5,5
2075,11,180,60,241,13,54,54,2,5,5,7,4
2076,42,14,0,4,0,0,8,1,1,1,2,6
2077,77,3,3,24,34,7,31,1,2,1,3,5
2078,82,71,1,16,0,0,9,4,2,1,3,8
2079,83,161,0,22,0,0,24,2,4,1,4,6
2080,40,8,26,46,38,9,49,2,3,0,4,8
2081,95,264,0,21,12,6,147,3,6,1,5,7
2082,32,293,6,23,13,6,92,4,6,2,5,8
2083,48,758,12,385,33,89,89,1,9,7,13,4
2084,75,532,126,490,164,126,126,1,5,5,11,1
2085,24,656,38,161,62,47,37,3,8,9,7,7
2086,61,196,25,607,67,17,49,1,4,6,7,2
2087,6,835,73,380,114,73,43,1,6,9,7,2
2088,16,16,11,15,2,0,12,2,1,1,4,3
2089,39,9,1,5,2,1,4,1,0,0,3,4
2090,2,229,7,140,10,3,11,7,5,1,8,7
2091,49,0,1,4,15,1,5,1,1,0,2,7
2092,31,121,24,124,24,15,42,1,4,1,7,2
2093,58,471,102,125,212,61,245,1,4,10,7,1
2094,5,520,8,223,32,49,42,4,10,5,7,8
2095,90,26,1,10,2,0,1,1,1,0,3,5
2096,47,240,132,445,250,192,108,1,3,7,8,1
2097,25,178,4,26,8,4,44,5,4,1,5,6
2098,60,1486,55,278,49,0,185,2,4,4,10,6
2099,67,1115,12,128,33,12,76,1,2,3,4,6
2100,40,29,0,8,2,0,6,1,1,0,3,4
2101,63,529,0,356,63,28,0,3,6,7,11,3
2102,1,13,3,8,7,4,16,2,1,0,3,9
2103,89,934,24,230,16,24,36,2,8,4,6,3
2104,40,2,7,11,16,12,27,1,2,0,4,6
2105,5,4,12,5,3,16,17,2,2,0,3,7
2106,3,62,1,44,6,5,22,1,2,1,4,4
2107,1,158,35,179,0,0,125,2,7,2,8,5
2108,24,173,2,39,3,2,47,3,5,1,4,7
2109,89,830,59,968,51,79,19,1,5,3,12,2
2110,48,189,10,253,56,43,64,6,8,2,7,7
2111,31,728,17,133,11,8,124,1,7,3,13,6
2112,68,7,2,9,2,0,2,2,1,0,3,4
2113,46,35,4,17,7,6,64,1,2,2,2,5
2114,92,188,3,180,20,3,43,5,7,1,6,7
2115,80,742,28,152,25,9,57,2,6,8,10,4
2116,16,0,7,5,26,2,17,2,2,0,3,7
2117,50,750,71,174,13,10,20,2,6,8,11,2
2118,93,816,42,450,55,56,154,1,3,10,8,2
2119,51,5,2,8,2,2,9,1,0,1,2,7
2120,24,37,5,56,12,8,5,2,3,0,4,7
2121,79,4,0,4,0,0,5,1,1,0,2,7
2122,26,99,2,11,4,0,16,3,3,0,4,8
2123,86,176,72,98,136,21,229,4,5,2,12,5
2124,68,54,0,10,0,0,2,2,1,0,4,5
2125,98,997,15,414,99,30,76,1,5,6,12,2
2126,34,356,0,107,19,9,117,2,7,1,8,5
2127,60,1311,0,359,46,89,17,1,4,3,10,2
2128,3,890,63,292,0,25,12,4,8,4,7,6
2129,65,4,0,2,0,0,2,1,1,0,2,7
2130,83,17,0,14,7,3,2,1,1,0,3,7
2131,64,960,0,883,50,38,0,1,5,6,8,3
2132,85,2,1,2,1,1,1,0,0,0,0,0
2133,69,1,3,2,20,30,47,3,2,1,2,8
2134,48,240,67,500,199,0,163,3,3,5,6,2
2135,21,301,11,61,4,7,11,1,8,2,4,7
2136,30,154,0,50,6,11,37,5,3,4,3,6
2137,39,2,3,6,4,1,9,1,1,1,2,7
2138,76,104,12,48,4,12,5,1,2,2,5,2
2139,11,70,3,37,4,2,64,4,3,2,2,9
2140,26,2,0,9,3,6,2,1,1,0,3,8
2141,34,23,2,11,3,1,4,2,2,0,3,6
2142,72,43,4,12,8,0,27,5,2,1,4,5
2143,13,4,24,11,16,1,25,1,2,0,4,6
2144,58,654,7,92,0,15,30,7,9,4,8,6
2145,12,912,72,170,47,36,97,1,11,3,4,4
2146,23,25,0,8,0,1,4,1,2,0,2,9
2147,33,24,4,22,0,2,9,4,3,1,3,5
2148,30,141,11,114,15,14,5,4,4,1,7,5
2149,15,71,0,13,3,1,0,2,1,1,4,4
2150,25,35,1,16,0,1,1,2,2,0,3,7
2151,4,496,32,849,229,48,128,2,5,3,6,4
2152,80,9,9,11,13,10,16,4,3,1,3,8
2153,30,154,0,50,6,11,37,5,3,4,3,6
2154,6,9,1,5,4,5,7,1,1,0,3,7
2155,16,26,3,23,4,7,3,2,2,0,4,6
2156,57,77,8,44,10,10,25,5,3,1,4,6
2157,9,11,2,7,4,2,2,1,1,0,3,3
2158,59,576,7,115,19,7,7,2,7,4,9,6
2159,78,89,15,89,34,42,5,1,4,1,6,4
2160,90,1013,30,399,60,46,153,3,9,10,4,6
2161,74,224,12,48,4,12,12,1,6,2,4,6
2162,10,200,19,111,50,15,19,6,5,1,8,6
2163,63,570,73,614,133,102,73,1,6,5,11,3
2164,13,1,3,3,8,1,13,2,1,0,3,7
2165,98,62,1,20,4,0,7,2,2,1,3,8
2166,4,531,69,300,150,138,150,3,5,4,8,2
2167,94,162,28,818,0,28,56,0,4,3,7,3
2168,91,675,144,133,94,192,241,1,4,8,5,1
2169,66,23,4,10,0,2,15,1,1,0,3,4
2170,14,492,5,32,13,5,21,1,9,1,7,6
2171,77,918,10,129,13,0,129,1,11,3,12,7
2172,41,224,155,155,192,93,54,2,6,4,11,4
2173,21,572,19,286,50,38,248,3,6,3,5,3
2174,25,626,0,70,0,7,28,2,9,3,8,6
2175,2,1074,37,518,193,92,129,1,5,6,7,2
2176,51,741,68,689,224,68,103,1,4,2,10,2
2177,3,322,3,50,4,3,42,5,7,1,6,8
2178,32,254,10,44,30,10,227,2,7,3,3,7
2179,84,116,6,82,6,6,41,2,3,1,6,5
2180,49,22,2,18,0,2,12,3,3,0,3,8
2181,69,516,0,21,0,0,5,4,8,2,7,8
2182,96,14,36,11,3,26,35,1,1,1,4,2
2183,23,2,8,10,12,14,23,3,2,1,3,5
2184,18,28,0,9,3,0,0,1,1,0,3,4
2185,8,530,142,217,62,9,56,4,7,4,13,5
2186,21,519,50,167,130,0,41,1,8,3,11,3
2187,60,611,76,749,59,45,26,1,7,10,6,2
2188,48,240,67,500,199,0,163,3,3,5,6,2
2189,36,4,9,12,11,2,8,2,1,1,3,3
2190,36,671,47,655,145,111,15,1,7,5,12,2
2191,63,23,1,7,0,4,24,1,1,1,2,7
2192,2,9,1,2,3,2,0,1,0,0,3,6
2193,38,556,54,845,202,133,63,1,7,7,10,3
2194,61,833,80,363,52,26,174,2,9,5,6,6
2195,52,12,0,13,4,2,4,4,3,0,3,8
2196,25,56,7,48,10,2,18,1,3,0,4,7
2197,63,293,8,124,11,4,106,2,6,6,3,6
2198,10,297,0,38,13,0,152,7,5,4,4,6
2199,65,39,1,16,2,0,3,4,3,0,3,8
2200,71,5,11,16,21,8,45,2,2,2,2,8
2201,0,266,21,300,65,8,44,4,8,8,6,6
2202,3,322,3,50,4,3,42,5,7,1,6,8
2203,88,366,124,156,71,78,54,2,5,5,11,2
2204,15,32,0,8,23,4,18,1,1,0,4,6
2205,80,158,0,23,0,0,18,6,3,1,5,8
2206,17,269,129,495,182,43,29,4,9,3,4,7
2207,76,41,0,10,0,0,3,4,2,1,3,7
2208,52,3,3,3,15,4,15,1,1,0,3,6
2209,28,33,0,5,0,0,15,2,1,1,2,4
2210,31,302,29,131,32,0,27,6,8,1,7,8
2211,42,519,71,860,93,27,53,1,6,2,9,2
2212,24,23,2,17,2,1,0,2,2,0,3,7
2213,42,594,51,631,72,55,32,1,4,6,8,2
2214,12,12,4,7,1,3,5,0,1,0,0,13
2215,88,4,2,5,0,0,5,1,1,0,2,6
2216,67,18,3,19,3,3,6,2,2,0,3,8
2217,54,332,194,377,149,125,57,0,4,6,7,1
2218,40,5,1,8,0,0,1,1,1,0,2,8
2219,73,171,3,129,26,24,62,4,6,1,6,7
2220,81,270,31,88,11,48,22,3,3,2,10,4
2221,12,712,26,538,69,13,80,1,3,6,11,1
2222,7,2,8,11,3,8,21,4,3,2,2,7
2223,33,21,12,12,0,3,3,3,2,0,4,4
2224,24,580,6,58,8,0,27,3,7,6,6,4
2225,55,368,24,68,38,0,88,6,8,2,6,7
2226,87,457,5,106,15,17,53,8,11,1,6,8
2227,39,229,7,137,4,0,91,5,4,2,8,5
2228,53,32,2,1607,12,4,22,0,0,0,1,0
2229,9,3,2,8,20,0,17,2,2,1,2,7
2230,82,24,3,26,7,1,23,3,3,1,2,9
2231,71,853,10,143,13,10,20,2,9,4,12,8
2232,50,5,1,6,3,4,3,1,0,0,3,4
2233,23,9,14,18,8,1,12,4,3,1,3,6
2234,81,3,3,7,6,2,9,1,1,0,2,7
2235,46,709,43,182,42,118,247,2,9,3,4,5
2236,56,406,0,30,0,0,8,7,8,2,5,7
2237,91,908,48,217,32,12,24,1,2,3,13,6
2238,8,428,30,214,80,30,61,2,6,5,10,3
2239,40,84,3,61,2,1,21,3,3,1,4,7
